"source_repository","source_sha","source_path","current_target","capability","disposition","proposed_destination","phase","dependencies","tests","deletion_gate"
"hornsan1/jang-studio-beta","cfcc8f058065ec25371c45ad035eea2ca2399ab5","README.md;release metadata","release host","public beta redirect","reference","README redirect and historical releases","20","MLX Studio release","redirect/link check","never delete historical releases"
"hornsan1/jangq-private","5d5487c27fa81d9f51da27264ae855964e334070","JANGStudio/JANGStudio/App/JANGStudioApp.swift","JANGStudio","legacy product shell","retire","-","20","SwiftUI","navigation and capability parity","PR20 after installed-app parity"
"hornsan1/jangq-private","5d5487c27fa81d9f51da27264ae855964e334070","JANGStudio/JANGStudio/Models/AppSettings.swift","JANGStudio","legacy wizard/support UI","reference","Documentation/Reference/JANGStudio/AppSettings.swift","13-20","SwiftUI;JANG services","feature matrix","PR20 after capability parity"
"hornsan1/jangq-private","5d5487c27fa81d9f51da27264ae855964e334070","JANGStudio/JANGStudio/Models/ChatMessage.swift","JANGStudio","legacy wizard/support UI","reference","Documentation/Reference/JANGStudio/ChatMessage.swift","13-20","SwiftUI;JANG services","feature matrix","PR20 after capability parity"
"hornsan1/jangq-private","5d5487c27fa81d9f51da27264ae855964e334070","JANGStudio/JANGStudio/Models/ConversionPlan.swift","JANGStudio","legacy wizard/support UI","reference","Documentation/Reference/JANGStudio/ConversionPlan.swift","13-20","SwiftUI;JANG services","feature matrix","PR20 after capability parity"
"hornsan1/jangq-private","5d5487c27fa81d9f51da27264ae855964e334070","JANGStudio/JANGStudio/Models/ProgressEvent.swift","JANGStudio","worker progress protocol","adapt","Sources/MLXStudioDomain/OptimizationWorkerContracts.swift","8","Foundation","Codable event and golden JSONL tests","versioned worker protocol parity"
"hornsan1/jangq-private","5d5487c27fa81d9f51da27264ae855964e334070","JANGStudio/JANGStudio/Runner/BundleResolver.swift","JANGStudio","JANG adoption service","adapt","Sources/MLXStudioOptimization/Adapters/BundleResolver.swift","8-13","Foundation;Python worker","cancellation redaction golden service tests","service parity"
"hornsan1/jangq-private","5d5487c27fa81d9f51da27264ae855964e334070","JANGStudio/JANGStudio/Runner/CLIArgsBuilder.swift","JANGStudio","subprocess/worker","adapt","Sources/MLXStudioOptimization/PythonJANGCommandBuilder.swift","8","MLXStudioDomain;Python worker","deterministic structured command and validation tests","worker coverage for every command"
"hornsan1/jangq-private","5d5487c27fa81d9f51da27264ae855964e334070","JANGStudio/JANGStudio/Runner/CapabilitiesService.swift","JANGStudio","JANG adoption service","adapt","Sources/MLXStudioOptimization/Adapters/CapabilitiesService.swift","8-13","Foundation;Python worker","cancellation redaction golden service tests","service parity"
"hornsan1/jangq-private","5d5487c27fa81d9f51da27264ae855964e334070","JANGStudio/JANGStudio/Runner/DiagnosticsBundle.swift","JANGStudio","JANG adoption service","adapt","Sources/MLXStudioOptimization/Adapters/DiagnosticsBundle.swift","8-13","Foundation;Python worker","cancellation redaction golden service tests","service parity"
"hornsan1/jangq-private","5d5487c27fa81d9f51da27264ae855964e334070","JANGStudio/JANGStudio/Runner/ExamplesService.swift","JANGStudio","JANG adoption service","adapt","Sources/MLXStudioOptimization/Adapters/ExamplesService.swift","8-13","Foundation;Python worker","cancellation redaction golden service tests","service parity"
"hornsan1/jangq-private","5d5487c27fa81d9f51da27264ae855964e334070","JANGStudio/JANGStudio/Runner/InferenceRunner.swift","JANGStudio","duplicate test inference","reference","Documentation/Reference/JANGStudio/InferenceRunner.swift","15","ModelInferenceProvider;MLXStudioEvaluation","vMLX Quick Compare validation smoke","provider evaluation parity and no production Python inference"
"hornsan1/jangq-private","5d5487c27fa81d9f51da27264ae855964e334070","JANGStudio/JANGStudio/Runner/JSONLProgressParser.swift","JANGStudio","worker progress protocol","adapt","Sources/MLXStudioOptimization/JANGJSONLProgressParser.swift","8","MLXStudioDomain;Python worker","golden JSONL and protocol-version tests","versioned worker protocol parity"
"hornsan1/jangq-private","5d5487c27fa81d9f51da27264ae855964e334070","JANGStudio/JANGStudio/Runner/ModelCardService.swift","JANGStudio","JANG adoption service","adapt","Sources/MLXStudioOptimization/Adapters/ModelCardService.swift","8-13","Foundation;Python worker","cancellation redaction golden service tests","service parity"
"hornsan1/jangq-private","5d5487c27fa81d9f51da27264ae855964e334070","JANGStudio/JANGStudio/Runner/ProfilesService.swift","JANGStudio","JANG adoption service","adapt","Sources/MLXStudioOptimization/Adapters/ProfilesService.swift","8-13","Foundation;Python worker","cancellation redaction golden service tests","service parity"
"hornsan1/jangq-private","5d5487c27fa81d9f51da27264ae855964e334070","JANGStudio/JANGStudio/Runner/PublishService.swift","JANGStudio","publishing worker adapter","adapt","Sources/MLXStudioOptimization/Adapters/PublishService.swift","13","PythonJANGWorker;artifact manifest","dry-run token cancel manifest tests","publishing job parity"
"hornsan1/jangq-private","5d5487c27fa81d9f51da27264ae855964e334070","JANGStudio/JANGStudio/Runner/PythonCLIInvoker.swift","JANGStudio","subprocess/worker","adapt","Sources/MLXStudioOptimization/PythonJANGWorker.swift","8","MLXStudioDomain;MLXStudioPersistence","version diagnostics redaction and pipe-drain tests","worker coverage for every command"
"hornsan1/jangq-private","5d5487c27fa81d9f51da27264ae855964e334070","JANGStudio/JANGStudio/Runner/PythonRunner.swift","JANGStudio","subprocess/worker","adapt","Sources/MLXStudioOptimization/PythonJANGWorker.swift","8","MLXStudioDomain;MLXStudioPersistence","durable job cancellation escalation partial-output tests","worker coverage for every command"
"hornsan1/jangq-private","5d5487c27fa81d9f51da27264ae855964e334070","JANGStudio/JANGStudio/Runner/RecommendationService.swift","JANGStudio","JANG adoption service","adapt","Sources/MLXStudioOptimization/Adapters/RecommendationService.swift","8-13","Foundation;Python worker","cancellation redaction golden service tests","service parity"
"hornsan1/jangq-private","5d5487c27fa81d9f51da27264ae855964e334070","JANGStudio/JANGStudio/Verify/PostConvertVerifier.swift","JANGStudio","verification","adapt","Sources/MLXStudioOptimization/Verification/PostConvertVerifier.swift","8","JANG tools;vMLX provider","good/broken fixture and real-artifact verification","shared VerificationReport parity"
"hornsan1/jangq-private","5d5487c27fa81d9f51da27264ae855964e334070","JANGStudio/JANGStudio/Verify/PreflightCheck.swift","JANGStudio","verification","adapt","Sources/MLXStudioOptimization/Verification/PreflightCheck.swift","8","JANG tools;vMLX provider","good/broken fixture and real-artifact verification","shared VerificationReport parity"
"hornsan1/jangq-private","5d5487c27fa81d9f51da27264ae855964e334070","JANGStudio/JANGStudio/Verify/PreflightRunner.swift","JANGStudio","verification","adapt","Sources/MLXStudioOptimization/Verification/PreflightRunner.swift","8","JANG tools;vMLX provider","good/broken fixture and real-artifact verification","shared VerificationReport parity"
"hornsan1/jangq-private","5d5487c27fa81d9f51da27264ae855964e334070","JANGStudio/JANGStudio/Verify/VerifyCheck.swift","JANGStudio","verification","adapt","Sources/MLXStudioOptimization/Verification/VerifyCheck.swift","8","JANG tools;vMLX provider","good/broken fixture and real-artifact verification","shared VerificationReport parity"
"hornsan1/jangq-private","5d5487c27fa81d9f51da27264ae855964e334070","JANGStudio/JANGStudio/Wizard/ExpertLabSheet.swift","JANGStudio","Expert Lab/pruning UI orchestration","adapt","Sources/vMLXApp/Optimize/ExpertLabSheet.swift","7-14","JANGExpertLab;worker","reviewed prune and installed-app Optimize tests","PR19 after service/UI parity"
"hornsan1/jangq-private","5d5487c27fa81d9f51da27264ae855964e334070","JANGStudio/JANGStudio/Wizard/GenerateModelCardSheet.swift","JANGStudio","publishing UI","adapt","Sources/vMLXApp/Models/GenerateModelCardSheet.swift","8-13","worker;jobs","dry-run token cancel manifest tests","publishing job parity"
"hornsan1/jangq-private","5d5487c27fa81d9f51da27264ae855964e334070","JANGStudio/JANGStudio/Wizard/InfoHint.swift","JANGStudio","legacy wizard/support UI","reference","Documentation/Reference/JANGStudio/InfoHint.swift","13-20","SwiftUI;JANG services","feature matrix","PR20 after capability parity"
"hornsan1/jangq-private","5d5487c27fa81d9f51da27264ae855964e334070","JANGStudio/JANGStudio/Wizard/PrequantPruneSheet.swift","JANGStudio","Expert Lab/pruning UI orchestration","adapt","Sources/vMLXApp/Optimize/PrequantPruneSheet.swift","7-14","JANGExpertLab;worker","reviewed prune and installed-app Optimize tests","PR19 after service/UI parity"
"hornsan1/jangq-private","5d5487c27fa81d9f51da27264ae855964e334070","JANGStudio/JANGStudio/Wizard/PublishToHuggingFaceSheet.swift","JANGStudio","publishing UI","adapt","Sources/vMLXApp/Models/PublishToHuggingFaceSheet.swift","8-13","worker;jobs","dry-run token cancel manifest tests","publishing job parity"
"hornsan1/jangq-private","5d5487c27fa81d9f51da27264ae855964e334070","JANGStudio/JANGStudio/Wizard/QuantizationGuide.swift","JANGStudio","legacy wizard/support UI","reference","Documentation/Reference/JANGStudio/QuantizationGuide.swift","13-20","SwiftUI;JANG services","feature matrix","PR20 after capability parity"
"hornsan1/jangq-private","5d5487c27fa81d9f51da27264ae855964e334070","JANGStudio/JANGStudio/Wizard/SettingsWindow.swift","JANGStudio","legacy wizard/support UI","reference","Documentation/Reference/JANGStudio/SettingsWindow.swift","13-20","SwiftUI;JANG services","feature matrix","PR20 after capability parity"
"hornsan1/jangq-private","5d5487c27fa81d9f51da27264ae855964e334070","JANGStudio/JANGStudio/Wizard/Steps/ArchitectureStep.swift","JANGStudio","legacy wizard/support UI","reference","Documentation/Reference/JANGStudio/ArchitectureStep.swift","13-20","SwiftUI;JANG services","feature matrix","PR20 after capability parity"
"hornsan1/jangq-private","5d5487c27fa81d9f51da27264ae855964e334070","JANGStudio/JANGStudio/Wizard/Steps/ProfileStep.swift","JANGStudio","legacy wizard/support UI","reference","Documentation/Reference/JANGStudio/ProfileStep.swift","13-20","SwiftUI;JANG services","feature matrix","PR20 after capability parity"
"hornsan1/jangq-private","5d5487c27fa81d9f51da27264ae855964e334070","JANGStudio/JANGStudio/Wizard/Steps/RunStep.swift","JANGStudio","legacy wizard/support UI","reference","Documentation/Reference/JANGStudio/RunStep.swift","13-20","SwiftUI;JANG services","feature matrix","PR20 after capability parity"
"hornsan1/jangq-private","5d5487c27fa81d9f51da27264ae855964e334070","JANGStudio/JANGStudio/Wizard/Steps/SourceStep.swift","JANGStudio","legacy wizard/support UI","reference","Documentation/Reference/JANGStudio/SourceStep.swift","13-20","SwiftUI;JANG services","feature matrix","PR20 after capability parity"
"hornsan1/jangq-private","5d5487c27fa81d9f51da27264ae855964e334070","JANGStudio/JANGStudio/Wizard/Steps/VerifyStep.swift","JANGStudio","legacy wizard/support UI","reference","Documentation/Reference/JANGStudio/VerifyStep.swift","13-20","SwiftUI;JANG services","feature matrix","PR20 after capability parity"
"hornsan1/jangq-private","5d5487c27fa81d9f51da27264ae855964e334070","JANGStudio/JANGStudio/Wizard/TestInferenceSheet.swift","JANGStudio","duplicate test inference UI","retire","-","15","InferenceRunner","vMLX Quick Compare validation smoke","vMLX provider evaluation parity"
"hornsan1/jangq-private","5d5487c27fa81d9f51da27264ae855964e334070","JANGStudio/JANGStudio/Wizard/TestInferenceViewModel.swift","JANGStudio","duplicate test inference UI","retire","-","15","InferenceRunner","vMLX Quick Compare validation smoke","vMLX provider evaluation parity"
"hornsan1/jangq-private","5d5487c27fa81d9f51da27264ae855964e334070","JANGStudio/JANGStudio/Wizard/UsageExamplesSheet.swift","JANGStudio","legacy wizard/support UI","reference","Documentation/Reference/JANGStudio/UsageExamplesSheet.swift","13-20","SwiftUI;JANG services","feature matrix","PR20 after capability parity"
"hornsan1/jangq-private","5d5487c27fa81d9f51da27264ae855964e334070","JANGStudio/JANGStudio/Wizard/WizardCoordinator.swift","JANGStudio","legacy wizard/support UI","reference","Documentation/Reference/JANGStudio/WizardCoordinator.swift","13-20","SwiftUI;JANG services","feature matrix","PR20 after capability parity"
"hornsan1/jangq-private","5d5487c27fa81d9f51da27264ae855964e334070","JANGStudio/Tests/JANGStudioTests/AdoptionServicesTests.swift","JANGStudio tests","migration/parity fixture","move","Tests/Integration/JANGStudio/AdoptionServicesTests.swift","7-20","migrated services","swift tests and golden fixtures","retire only with superseding fixture"
"hornsan1/jangq-private","5d5487c27fa81d9f51da27264ae855964e334070","JANGStudio/Tests/JANGStudioTests/AppSettingsTests.swift","JANGStudio tests","migration/parity fixture","move","Tests/Integration/JANGStudio/AppSettingsTests.swift","7-20","migrated services","swift tests and golden fixtures","retire only with superseding fixture"
"hornsan1/jangq-private","5d5487c27fa81d9f51da27264ae855964e334070","JANGStudio/Tests/JANGStudioTests/BundleResolverTests.swift","JANGStudio tests","migration/parity fixture","move","Tests/Integration/JANGStudio/BundleResolverTests.swift","7-20","migrated services","swift tests and golden fixtures","retire only with superseding fixture"
"hornsan1/jangq-private","5d5487c27fa81d9f51da27264ae855964e334070","JANGStudio/Tests/JANGStudioTests/CLIArgsBuilderTests.swift","JANGStudio tests","migration/parity fixture","adapt","tests/MLXStudioOptimizationTests/PythonJANGWorkerTests.swift","8","MLXStudioOptimization","deterministic command fixtures","retire only with superseding fixture"
"hornsan1/jangq-private","5d5487c27fa81d9f51da27264ae855964e334070","JANGStudio/Tests/JANGStudioTests/CapabilitiesServiceTests.swift","JANGStudio tests","migration/parity fixture","move","Tests/Integration/JANGStudio/CapabilitiesServiceTests.swift","7-20","migrated services","swift tests and golden fixtures","retire only with superseding fixture"
"hornsan1/jangq-private","5d5487c27fa81d9f51da27264ae855964e334070","JANGStudio/Tests/JANGStudioTests/ChatMessageTests.swift","JANGStudio tests","migration/parity fixture","move","Tests/Integration/JANGStudio/ChatMessageTests.swift","7-20","migrated services","swift tests and golden fixtures","retire only with superseding fixture"
"hornsan1/jangq-private","5d5487c27fa81d9f51da27264ae855964e334070","JANGStudio/Tests/JANGStudioTests/ConversionPlanTests.swift","JANGStudio tests","migration/parity fixture","move","Tests/Integration/JANGStudio/ConversionPlanTests.swift","7-20","migrated services","swift tests and golden fixtures","retire only with superseding fixture"
"hornsan1/jangq-private","5d5487c27fa81d9f51da27264ae855964e334070","JANGStudio/Tests/JANGStudioTests/CoverageMatrixTests.swift","JANGStudio tests","migration/parity fixture","move","Tests/Integration/JANGStudio/CoverageMatrixTests.swift","7-20","migrated services","swift tests and golden fixtures","retire only with superseding fixture"
"hornsan1/jangq-private","5d5487c27fa81d9f51da27264ae855964e334070","JANGStudio/Tests/JANGStudioTests/DiagnosticsBundleTests.swift","JANGStudio tests","migration/parity fixture","move","Tests/Integration/JANGStudio/DiagnosticsBundleTests.swift","7-20","migrated services","swift tests and golden fixtures","retire only with superseding fixture"
"hornsan1/jangq-private","5d5487c27fa81d9f51da27264ae855964e334070","JANGStudio/Tests/JANGStudioTests/ExpertLabWorkflowFlowTests.swift","JANGStudio tests","migration/parity fixture","move","Tests/Integration/JANGStudio/ExpertLabWorkflowFlowTests.swift","7-20","migrated services","swift tests and golden fixtures","retire only with superseding fixture"
"hornsan1/jangq-private","5d5487c27fa81d9f51da27264ae855964e334070","JANGStudio/Tests/JANGStudioTests/ExpertPrunePlanBuilderTests.swift","JANGStudio tests","migration/parity fixture","move","Tests/Integration/JANGStudio/ExpertPrunePlanBuilderTests.swift","7-20","migrated services","swift tests and golden fixtures","retire only with superseding fixture"
"hornsan1/jangq-private","5d5487c27fa81d9f51da27264ae855964e334070","JANGStudio/Tests/JANGStudioTests/InferenceRunnerTests.swift","JANGStudio tests","migration/parity fixture","move","Tests/Integration/JANGStudio/InferenceRunnerTests.swift","7-20","migrated services","swift tests and golden fixtures","retire only with superseding fixture"
"hornsan1/jangq-private","5d5487c27fa81d9f51da27264ae855964e334070","JANGStudio/Tests/JANGStudioTests/JSONLProgressParserTests.swift","JANGStudio tests","migration/parity fixture","adapt","tests/MLXStudioOptimizationTests/PythonJANGWorkerTests.swift","8","MLXStudioOptimization","golden JSONL and version rejection","retire only with superseding fixture"
"hornsan1/jangq-private","5d5487c27fa81d9f51da27264ae855964e334070","JANGStudio/Tests/JANGStudioTests/PostConvertVerifierTests.swift","JANGStudio tests","migration/parity fixture","move","Tests/Integration/JANGStudio/PostConvertVerifierTests.swift","7-20","migrated services","swift tests and golden fixtures","retire only with superseding fixture"
"hornsan1/jangq-private","5d5487c27fa81d9f51da27264ae855964e334070","JANGStudio/Tests/JANGStudioTests/PreflightRunnerTests.swift","JANGStudio tests","migration/parity fixture","move","Tests/Integration/JANGStudio/PreflightRunnerTests.swift","7-20","migrated services","swift tests and golden fixtures","retire only with superseding fixture"
"hornsan1/jangq-private","5d5487c27fa81d9f51da27264ae855964e334070","JANGStudio/Tests/JANGStudioTests/ProfilesServiceTests.swift","JANGStudio tests","migration/parity fixture","move","Tests/Integration/JANGStudio/ProfilesServiceTests.swift","7-20","migrated services","swift tests and golden fixtures","retire only with superseding fixture"
"hornsan1/jangq-private","5d5487c27fa81d9f51da27264ae855964e334070","JANGStudio/Tests/JANGStudioTests/PythonCLIInvokerTests.swift","JANGStudio tests","migration/parity fixture","adapt","tests/MLXStudioOptimizationTests/PythonJANGWorkerTests.swift","8","MLXStudioOptimization","version diagnostics and bounded redaction tests","retire only with superseding fixture"
"hornsan1/jangq-private","5d5487c27fa81d9f51da27264ae855964e334070","JANGStudio/Tests/JANGStudioTests/PythonRunnerTests.swift","JANGStudio tests","migration/parity fixture","adapt","tests/MLXStudioOptimizationTests/PythonJANGWorkerTests.swift","8","MLXStudioOptimization;MLXStudioPersistence","cancel escalation partial-output durable job tests","retire only with superseding fixture"
"hornsan1/jangq-private","5d5487c27fa81d9f51da27264ae855964e334070","JANGStudio/Tests/JANGStudioTests/QuantizationGuidanceTests.swift","JANGStudio tests","migration/parity fixture","move","Tests/Integration/JANGStudio/QuantizationGuidanceTests.swift","7-20","migrated services","swift tests and golden fixtures","retire only with superseding fixture"
"hornsan1/jangq-private","5d5487c27fa81d9f51da27264ae855964e334070","JANGStudio/Tests/JANGStudioTests/RecommendationServiceTests.swift","JANGStudio tests","migration/parity fixture","move","Tests/Integration/JANGStudio/RecommendationServiceTests.swift","7-20","migrated services","swift tests and golden fixtures","retire only with superseding fixture"
"hornsan1/jangq-private","5d5487c27fa81d9f51da27264ae855964e334070","JANGStudio/Tests/JANGStudioTests/WizardStepContinueGateTests.swift","JANGStudio tests","migration/parity fixture","move","Tests/Integration/JANGStudio/WizardStepContinueGateTests.swift","7-20","migrated services","swift tests and golden fixtures","retire only with superseding fixture"
"hornsan1/jangq-private","5d5487c27fa81d9f51da27264ae855964e334070","JANGStudio/Tests/JANGStudioUITests/WizardFlowTests.swift","JANGStudio tests","migration/parity fixture","move","JANGStudio/Tests/JANGStudioUITests/WizardFlowTests.swift","7-20","migrated services","swift tests and golden fixtures","retire only with superseding fixture"
"hornsan1/jangq-private","5d5487c27fa81d9f51da27264ae855964e334070","jang-runtime/Sources/JANG/DeepseekV4JANGTQ.swift","JANG","JANG format/trace","reference","Sources/JANGCore/DeepseekV4JANGTQ.swift","5-7","JANGMetal;JANGCoreMetal","vMLX load generation trace parity","format parity before retirement"
"hornsan1/jangq-private","5d5487c27fa81d9f51da27264ae855964e334070","jang-runtime/Sources/JANG/ExpertTracing.swift","JANG","JANG format/trace","reference","Sources/JANGCore/ExpertTracing.swift","5-7","JANGMetal;JANGCoreMetal","vMLX load generation trace parity","format parity before retirement"
"hornsan1/jangq-private","5d5487c27fa81d9f51da27264ae855964e334070","jang-runtime/Sources/JANG/JANG.swift","JANG","JANG format/trace","reference","Sources/JANGCore/JANG.swift","5-7","JANGMetal;JANGCoreMetal","vMLX load generation trace parity","format parity before retirement"
"hornsan1/jangq-private","5d5487c27fa81d9f51da27264ae855964e334070","jang-runtime/Sources/JANG/JANGConfig.swift","JANG","JANG format/trace","reference","Sources/JANGCore/JANGConfig.swift","5-7","JANGMetal;JANGCoreMetal","vMLX load generation trace parity","format parity before retirement"
"hornsan1/jangq-private","5d5487c27fa81d9f51da27264ae855964e334070","jang-runtime/Sources/JANG/JANGInference.swift","JANG","duplicate JANG inference/runtime","reference","Documentation/Reference/JANGRuntime/JANGInference.swift","5-7","JANGMetal;JANGCoreMetal","vMLX load generation trace parity","provider parity and no production imports"
"hornsan1/jangq-private","5d5487c27fa81d9f51da27264ae855964e334070","jang-runtime/Sources/JANG/JANGLoader.swift","JANG","duplicate JANG inference/runtime","reference","Documentation/Reference/JANGRuntime/JANGLoader.swift","5-7","JANGMetal;JANGCoreMetal","vMLX load generation trace parity","provider parity and no production imports"
"hornsan1/jangq-private","5d5487c27fa81d9f51da27264ae855964e334070","jang-runtime/Sources/JANG/JANGSampler.swift","JANG","JANG format/trace","reference","Sources/JANGCore/JANGSampler.swift","5-7","JANGMetal;JANGCoreMetal","vMLX load generation trace parity","format parity before retirement"
"hornsan1/jangq-private","5d5487c27fa81d9f51da27264ae855964e334070","jang-runtime/Sources/JANG/JANGTQAttentionBlock.swift","JANG","JANG format/trace","reference","Sources/JANGCore/JANGTQAttentionBlock.swift","5-7","JANGMetal;JANGCoreMetal","vMLX load generation trace parity","format parity before retirement"
"hornsan1/jangq-private","5d5487c27fa81d9f51da27264ae855964e334070","jang-runtime/Sources/JANG/JANGTQDecoderEngine.swift","JANG","duplicate JANG inference/runtime","reference","Documentation/Reference/JANGRuntime/JANGTQDecoderEngine.swift","5-7","JANGMetal;JANGCoreMetal","vMLX load generation trace parity","provider parity and no production imports"
"hornsan1/jangq-private","5d5487c27fa81d9f51da27264ae855964e334070","jang-runtime/Sources/JANG/JANGTQGenerator.swift","JANG","duplicate JANG inference/runtime","reference","Documentation/Reference/JANGRuntime/JANGTQGenerator.swift","5-7","JANGMetal;JANGCoreMetal","vMLX load generation trace parity","provider parity and no production imports"
"hornsan1/jangq-private","5d5487c27fa81d9f51da27264ae855964e334070","jang-runtime/Sources/JANG/JANGTQLinearAttentionBlock.swift","JANG","JANG format/trace","reference","Sources/JANGCore/JANGTQLinearAttentionBlock.swift","5-7","JANGMetal;JANGCoreMetal","vMLX load generation trace parity","format parity before retirement"
"hornsan1/jangq-private","5d5487c27fa81d9f51da27264ae855964e334070","jang-runtime/Sources/JANG/JANGTQLoader.swift","JANG","duplicate JANG inference/runtime","reference","Documentation/Reference/JANGRuntime/JANGTQLoader.swift","5-7","JANGMetal;JANGCoreMetal","vMLX load generation trace parity","provider parity and no production imports"
"hornsan1/jangq-private","5d5487c27fa81d9f51da27264ae855964e334070","jang-runtime/Sources/JANG/JANGTQMoEBlock.swift","JANG","JANG format/trace","reference","Sources/JANGCore/JANGTQMoEBlock.swift","5-7","JANGMetal;JANGCoreMetal","vMLX load generation trace parity","format parity before retirement"
"hornsan1/jangq-private","5d5487c27fa81d9f51da27264ae855964e334070","jang-runtime/Sources/JANG/JANGTQModel.swift","JANG","duplicate JANG inference/runtime","reference","Documentation/Reference/JANGRuntime/JANGTQModel.swift","5-7","JANGMetal;JANGCoreMetal","vMLX load generation trace parity","provider parity and no production imports"
"hornsan1/jangq-private","5d5487c27fa81d9f51da27264ae855964e334070","jang-runtime/Sources/JANG/JANGTQTokenizer.swift","JANG","duplicate JANG inference/runtime","reference","Documentation/Reference/JANGRuntime/JANGTQTokenizer.swift","5-7","JANGMetal;JANGCoreMetal","vMLX load generation trace parity","provider parity and no production imports"
"hornsan1/jangq-private","5d5487c27fa81d9f51da27264ae855964e334070","jang-runtime/Sources/JANG/JANGTokenizer.swift","JANG","duplicate JANG inference/runtime","reference","Documentation/Reference/JANGRuntime/JANGTokenizer.swift","5-7","JANGMetal;JANGCoreMetal","vMLX load generation trace parity","provider parity and no production imports"
"hornsan1/jangq-private","5d5487c27fa81d9f51da27264ae855964e334070","jang-runtime/Sources/JANG/SafetensorsReader.swift","JANG","JANG format/trace","reference","Sources/JANGCore/SafetensorsReader.swift","5-7","JANGMetal;JANGCoreMetal","vMLX load generation trace parity","format parity before retirement"
"hornsan1/jangq-private","5d5487c27fa81d9f51da27264ae855964e334070","jang-runtime/Sources/JANGCLI/main.swift","JANG CLI","diagnostic CLI","reference","Workers/jang-tools/Reference/main.swift","8","JANG runtime","CLI golden tests","after equivalent diagnostics exist"
"hornsan1/jangq-private","5d5487c27fa81d9f51da27264ae855964e334070","jang-runtime/Sources/JANGCore/BitInference.swift","JANGCore","artifact format/index","move","Sources/JANGCore/BitInference.swift","2-7","Foundation","format manifest index golden tests","never if canonical format primitive"
"hornsan1/jangq-private","5d5487c27fa81d9f51da27264ae855964e334070","jang-runtime/Sources/JANGCore/ExpertBlob.swift","JANGCore","artifact format/index","move","Sources/JANGCore/ExpertBlob.swift","2-7","Foundation","format manifest index golden tests","never if canonical format primitive"
"hornsan1/jangq-private","5d5487c27fa81d9f51da27264ae855964e334070","jang-runtime/Sources/JANGCore/ExpertIndex.swift","JANGCore","artifact format/index","move","Sources/JANGCore/ExpertIndex.swift","2-7","Foundation","format manifest index golden tests","never if canonical format primitive"
"hornsan1/jangq-private","5d5487c27fa81d9f51da27264ae855964e334070","jang-runtime/Sources/JANGCore/ExpertStore.swift","JANGCore","artifact format/index","move","Sources/JANGCore/ExpertStore.swift","2-7","Foundation","format manifest index golden tests","never if canonical format primitive"
"hornsan1/jangq-private","5d5487c27fa81d9f51da27264ae855964e334070","jang-runtime/Sources/JANGCore/HotCoreLoader.swift","JANGCore","artifact format/index","move","Sources/JANGCore/HotCoreLoader.swift","2-7","Foundation","format manifest index golden tests","never if canonical format primitive"
"hornsan1/jangq-private","5d5487c27fa81d9f51da27264ae855964e334070","jang-runtime/Sources/JANGCore/JANGCore.swift","JANGCore","artifact format/index","move","Sources/JANGCore/JANGCore.swift","2-7","Foundation","format manifest index golden tests","never if canonical format primitive"
"hornsan1/jangq-private","5d5487c27fa81d9f51da27264ae855964e334070","jang-runtime/Sources/JANGCore/JangSpecBundle.swift","JANGCore","artifact format/index","move","Sources/JANGCore/JangSpecBundle.swift","2-7","Foundation","format manifest index golden tests","never if canonical format primitive"
"hornsan1/jangq-private","5d5487c27fa81d9f51da27264ae855964e334070","jang-runtime/Sources/JANGCore/JangSpecError.swift","JANGCore","artifact format/index","move","Sources/JANGCore/JangSpecError.swift","2-7","Foundation","format manifest index golden tests","never if canonical format primitive"
"hornsan1/jangq-private","5d5487c27fa81d9f51da27264ae855964e334070","jang-runtime/Sources/JANGCore/JangSpecFormat.swift","JANGCore","artifact format/index","move","Sources/JANGCore/JangSpecFormat.swift","2-7","Foundation","format manifest index golden tests","never if canonical format primitive"
"hornsan1/jangq-private","5d5487c27fa81d9f51da27264ae855964e334070","jang-runtime/Sources/JANGCore/JangSpecManifest.swift","JANGCore","artifact format/index","move","Sources/JANGCore/JangSpecManifest.swift","2-7","Foundation","format manifest index golden tests","never if canonical format primitive"
"hornsan1/jangq-private","5d5487c27fa81d9f51da27264ae855964e334070","jang-runtime/Sources/JANGCore/QuantizedTensorView.swift","JANGCore","artifact format/index","move","Sources/JANGCore/QuantizedTensorView.swift","2-7","Foundation","format manifest index golden tests","never if canonical format primitive"
"hornsan1/jangq-private","5d5487c27fa81d9f51da27264ae855964e334070","jang-runtime/Sources/JANGCore/SafetensorsV2.swift","JANGCore","artifact format/index","move","Sources/JANGCore/SafetensorsV2.swift","2-7","Foundation","format manifest index golden tests","never if canonical format primitive"
"hornsan1/jangq-private","5d5487c27fa81d9f51da27264ae855964e334070","jang-runtime/Sources/JANGCoreMetal/JANGCoreMetal.swift","JANGCoreMetal","JANG Metal kernels","adapt","Sources/JANGMetal/JANGCoreMetal.swift","7","JANGCore;Metal","kernel golden/performance/error parity","vMLX kernel audit and replacement parity"
"hornsan1/jangq-private","5d5487c27fa81d9f51da27264ae855964e334070","jang-runtime/Sources/JANGCoreMetal/JANGTQAffine8Matmul.metal","JANGCoreMetal","JANG Metal kernels","adapt","Sources/JANGMetal/JANGTQAffine8Matmul.metal","7","JANGCore;Metal","kernel golden/performance/error parity","vMLX kernel audit and replacement parity"
"hornsan1/jangq-private","5d5487c27fa81d9f51da27264ae855964e334070","jang-runtime/Sources/JANGCoreMetal/JANGTQAffine8Matmul.swift","JANGCoreMetal","JANG Metal kernels","adapt","Sources/JANGMetal/JANGTQAffine8Matmul.swift","7","JANGCore;Metal","kernel golden/performance/error parity","vMLX kernel audit and replacement parity"
"hornsan1/jangq-private","5d5487c27fa81d9f51da27264ae855964e334070","jang-runtime/Sources/JANGCoreMetal/JANGTQDecodeOps.metal","JANGCoreMetal","JANG Metal kernels","adapt","Sources/JANGMetal/JANGTQDecodeOps.metal","7","JANGCore;Metal","kernel golden/performance/error parity","vMLX kernel audit and replacement parity"
"hornsan1/jangq-private","5d5487c27fa81d9f51da27264ae855964e334070","jang-runtime/Sources/JANGCoreMetal/JANGTQDecodeOps.swift","JANGCoreMetal","JANG Metal kernels","adapt","Sources/JANGMetal/JANGTQDecodeOps.swift","7","JANGCore;Metal","kernel golden/performance/error parity","vMLX kernel audit and replacement parity"
"hornsan1/jangq-private","5d5487c27fa81d9f51da27264ae855964e334070","jang-runtime/Sources/JANGCoreMetal/JANGTQMatmul.metal","JANGCoreMetal","JANG Metal kernels","adapt","Sources/JANGMetal/JANGTQMatmul.metal","7","JANGCore;Metal","kernel golden/performance/error parity","vMLX kernel audit and replacement parity"
"hornsan1/jangq-private","5d5487c27fa81d9f51da27264ae855964e334070","jang-runtime/Sources/JANGCoreMetal/JANGTQMatmul.swift","JANGCoreMetal","JANG Metal kernels","adapt","Sources/JANGMetal/JANGTQMatmul.swift","7","JANGCore;Metal","kernel golden/performance/error parity","vMLX kernel audit and replacement parity"
"hornsan1/jangq-private","5d5487c27fa81d9f51da27264ae855964e334070","jang-runtime/Sources/JANGCoreMetal/JangV2QuantMatmul.metal","JANGCoreMetal","JANG Metal kernels","adapt","Sources/JANGMetal/JangV2QuantMatmul.metal","7","JANGCore;Metal","kernel golden/performance/error parity","vMLX kernel audit and replacement parity"
"hornsan1/jangq-private","5d5487c27fa81d9f51da27264ae855964e334070","jang-runtime/Sources/JANGCoreMetal/MetalBuffer.swift","JANGCoreMetal","JANG Metal kernels","adapt","Sources/JANGMetal/MetalBuffer.swift","7","JANGCore;Metal","kernel golden/performance/error parity","vMLX kernel audit and replacement parity"
"hornsan1/jangq-private","5d5487c27fa81d9f51da27264ae855964e334070","jang-runtime/Sources/JANGCoreMetal/MetalContext.swift","JANGCoreMetal","JANG Metal kernels","adapt","Sources/JANGMetal/MetalContext.swift","7","JANGCore;Metal","kernel golden/performance/error parity","vMLX kernel audit and replacement parity"
"hornsan1/jangq-private","5d5487c27fa81d9f51da27264ae855964e334070","jang-runtime/Sources/JANGCoreMetal/QuantizedMatmul4.swift","JANGCoreMetal","JANG Metal kernels","adapt","Sources/JANGMetal/QuantizedMatmul4.swift","7","JANGCore;Metal","kernel golden/performance/error parity","vMLX kernel audit and replacement parity"
"hornsan1/jangq-private","5d5487c27fa81d9f51da27264ae855964e334070","jang-runtime/Sources/JANGExpertLab/JANGExpertLab.swift","JANGExpertLab","expert atlas/evaluation","adapt","Sources/JANGExpertLab/JANGExpertLab.swift","7","MLXStudioDomain;MLXStudioEvaluation","Expert Atlas plan validator real trace tests","after split replacement passes all fixtures"
"hornsan1/jangq-private","5d5487c27fa81d9f51da27264ae855964e334070","jang-runtime/Sources/JANGKit/JANGKit.swift","JANGKit","inference contracts","adapt","Sources/MLXStudioDomain/Inference/JANGKit.swift","2-7","JANG","serialization/provider contract tests","after provider contracts replace public use"
"hornsan1/jangq-private","5d5487c27fa81d9f51da27264ae855964e334070","jang-runtime/Sources/JANGKit/Model.swift","JANGKit","duplicate inference","retire","-","7","JANG","vMLX JANG/JANGTQ output trace cancel metrics parity","provider parity complete and no production imports"
"hornsan1/jangq-private","5d5487c27fa81d9f51da27264ae855964e334070","jang-runtime/Sources/JANGMetal/JANGError.swift","JANGMetal","duplicate Metal device layer","reference","Documentation/Reference/JANGMetal/JANGError.swift","7","Metal","device/kernel audit","after vMLX Metal ownership is proven"
"hornsan1/jangq-private","5d5487c27fa81d9f51da27264ae855964e334070","jang-runtime/Sources/JANGMetal/JANGMetalDevice.swift","JANGMetal","duplicate Metal device layer","reference","Documentation/Reference/JANGMetal/JANGMetalDevice.swift","7","Metal","device/kernel audit","after vMLX Metal ownership is proven"
"hornsan1/jangq-private","5d5487c27fa81d9f51da27264ae855964e334070","jang-runtime/Sources/jang-core/main.swift","JANG CLI","diagnostic CLI","reference","Workers/jang-tools/Reference/main.swift","8","JANG runtime","CLI golden tests","after equivalent diagnostics exist"
"hornsan1/jangq-private","5d5487c27fa81d9f51da27264ae855964e334070","jang-runtime/Sources/jang-spec-iobench/main.swift","JANG CLI","diagnostic CLI","reference","Workers/jang-tools/Reference/main.swift","8","JANG runtime","CLI golden tests","after equivalent diagnostics exist"
"hornsan1/jangq-private","5d5487c27fa81d9f51da27264ae855964e334070","jang-runtime/Tests/JANGCoreMetalTests/JANGTQAffine8Tests.swift","JANGRuntime tests","parity fixture","move","Tests/JANGCoreMetalTests/JANGTQAffine8Tests.swift","7","corresponding JANG target","swift test and parity matrix","retire only with superseding fixture"
"hornsan1/jangq-private","5d5487c27fa81d9f51da27264ae855964e334070","jang-runtime/Tests/JANGCoreMetalTests/JANGTQDecodeOpsTests.swift","JANGRuntime tests","parity fixture","move","Tests/JANGCoreMetalTests/JANGTQDecodeOpsTests.swift","7","corresponding JANG target","swift test and parity matrix","retire only with superseding fixture"
"hornsan1/jangq-private","5d5487c27fa81d9f51da27264ae855964e334070","jang-runtime/Tests/JANGCoreMetalTests/JANGTQMatmulTests.swift","JANGRuntime tests","parity fixture","move","Tests/JANGCoreMetalTests/JANGTQMatmulTests.swift","7","corresponding JANG target","swift test and parity matrix","retire only with superseding fixture"
"hornsan1/jangq-private","5d5487c27fa81d9f51da27264ae855964e334070","jang-runtime/Tests/JANGCoreMetalTests/QuantizedMatmul4Tests.swift","JANGRuntime tests","parity fixture","move","Tests/JANGCoreMetalTests/QuantizedMatmul4Tests.swift","7","corresponding JANG target","swift test and parity matrix","retire only with superseding fixture"
"hornsan1/jangq-private","5d5487c27fa81d9f51da27264ae855964e334070","jang-runtime/Tests/JANGCoreMetalTests/fixtures/fixture_info.json","JANGRuntime tests","parity fixture","move","Tests/JANGCoreMetalTests/fixtures/fixture_info.json","7","corresponding JANG target","swift test and parity matrix","retire only with superseding fixture"
"hornsan1/jangq-private","5d5487c27fa81d9f51da27264ae855964e334070","jang-runtime/Tests/JANGCoreTests/BitInferenceTests.swift","JANGRuntime tests","parity fixture","move","Tests/JANGCoreTests/BitInferenceTests.swift","7","corresponding JANG target","swift test and parity matrix","retire only with superseding fixture"
"hornsan1/jangq-private","5d5487c27fa81d9f51da27264ae855964e334070","jang-runtime/Tests/JANGCoreTests/ExpertBlobTests.swift","JANGRuntime tests","parity fixture","move","Tests/JANGCoreTests/ExpertBlobTests.swift","7","corresponding JANG target","swift test and parity matrix","retire only with superseding fixture"
"hornsan1/jangq-private","5d5487c27fa81d9f51da27264ae855964e334070","jang-runtime/Tests/JANGCoreTests/ExpertIndexTests.swift","JANGRuntime tests","parity fixture","move","Tests/JANGCoreTests/ExpertIndexTests.swift","7","corresponding JANG target","swift test and parity matrix","retire only with superseding fixture"
"hornsan1/jangq-private","5d5487c27fa81d9f51da27264ae855964e334070","jang-runtime/Tests/JANGCoreTests/Fixtures.swift","JANGRuntime tests","parity fixture","move","Tests/JANGCoreTests/Fixtures.swift","7","corresponding JANG target","swift test and parity matrix","retire only with superseding fixture"
"hornsan1/jangq-private","5d5487c27fa81d9f51da27264ae855964e334070","jang-runtime/Tests/JANGCoreTests/HotCoreLoaderTests.swift","JANGRuntime tests","parity fixture","move","Tests/JANGCoreTests/HotCoreLoaderTests.swift","7","corresponding JANG target","swift test and parity matrix","retire only with superseding fixture"
"hornsan1/jangq-private","5d5487c27fa81d9f51da27264ae855964e334070","jang-runtime/Tests/JANGCoreTests/JangSpecBundleTests.swift","JANGRuntime tests","parity fixture","move","Tests/JANGCoreTests/JangSpecBundleTests.swift","7","corresponding JANG target","swift test and parity matrix","retire only with superseding fixture"
"hornsan1/jangq-private","5d5487c27fa81d9f51da27264ae855964e334070","jang-runtime/Tests/JANGCoreTests/JangSpecFormatTests.swift","JANGRuntime tests","parity fixture","move","Tests/JANGCoreTests/JangSpecFormatTests.swift","7","corresponding JANG target","swift test and parity matrix","retire only with superseding fixture"
"hornsan1/jangq-private","5d5487c27fa81d9f51da27264ae855964e334070","jang-runtime/Tests/JANGCoreTests/SafetensorsV2Tests.swift","JANGRuntime tests","parity fixture","move","Tests/JANGCoreTests/SafetensorsV2Tests.swift","7","corresponding JANG target","swift test and parity matrix","retire only with superseding fixture"
"hornsan1/jangq-private","5d5487c27fa81d9f51da27264ae855964e334070","jang-runtime/Tests/JANGExpertLabTests/ExpertAtlasTests.swift","JANGRuntime tests","parity fixture","move","tests/JANGExpertLabTests/ExpertAtlasTests.swift","7","corresponding JANG target","swift test and parity matrix","retire only with superseding fixture"
"hornsan1/jangq-private","5d5487c27fa81d9f51da27264ae855964e334070","jang-runtime/Tests/JANGExpertLabTests/FullBundleExpertLabSmokeTests.swift","JANGRuntime tests","parity fixture","adapt","tests/JANGExpertLabTests/ExpertPromptSuiteRunnerTests.swift","7","ModelInferenceProvider;external BF16/vMLX evidence runner","provider contract tests and real trace/mask/eval parity","retire only after structured worker supersedes external evidence path"
"hornsan1/jangq-private","5d5487c27fa81d9f51da27264ae855964e334070","jang-runtime/Tests/JANGKitTests/JANGKitTests.swift","JANGRuntime tests","parity fixture","move","Tests/JANGKitTests/JANGKitTests.swift","7","corresponding JANG target","swift test and parity matrix","retire only with superseding fixture"
"hornsan1/jangq-private","5d5487c27fa81d9f51da27264ae855964e334070","jang-runtime/Tests/JANGKitTests/JANGTQProbeTests.swift","JANGRuntime tests","parity fixture","move","Tests/JANGKitTests/JANGTQProbeTests.swift","7","corresponding JANG target","swift test and parity matrix","retire only with superseding fixture"
"hornsan1/jangq-private","5d5487c27fa81d9f51da27264ae855964e334070","jang-runtime/Tests/JANGKitTests/ModelTests.swift","JANGRuntime tests","parity fixture","move","Tests/JANGKitTests/ModelTests.swift","7","corresponding JANG target","swift test and parity matrix","retire only with superseding fixture"
"hornsan1/jangq-private","5d5487c27fa81d9f51da27264ae855964e334070","jang-runtime/Tests/JANGTests/JANGConfigQwen36Tests.swift","JANGRuntime tests","parity fixture","move","Tests/JANGTests/JANGConfigQwen36Tests.swift","7","corresponding JANG target","swift test and parity matrix","retire only with superseding fixture"
"hornsan1/jangq-private","5d5487c27fa81d9f51da27264ae855964e334070","jang-runtime/Tests/JANGTests/JANGTQAffineLoadTests.swift","JANGRuntime tests","parity fixture","move","Tests/JANGTests/JANGTQAffineLoadTests.swift","7","corresponding JANG target","swift test and parity matrix","retire only with superseding fixture"
"hornsan1/jangq-private","5d5487c27fa81d9f51da27264ae855964e334070","jang-runtime/Tests/JANGTests/JANGTQBenchTests.swift","JANGRuntime tests","parity fixture","move","Tests/JANGTests/JANGTQBenchTests.swift","7","corresponding JANG target","swift test and parity matrix","retire only with superseding fixture"
"hornsan1/jangq-private","5d5487c27fa81d9f51da27264ae855964e334070","jang-runtime/Tests/JANGTests/JANGTQDecoderEngineTests.swift","JANGRuntime tests","parity fixture","move","Tests/JANGTests/JANGTQDecoderEngineTests.swift","7","corresponding JANG target","swift test and parity matrix","retire only with superseding fixture"
"hornsan1/jangq-private","5d5487c27fa81d9f51da27264ae855964e334070","jang-runtime/Tests/JANGTests/JANGTQGeneratorTests.swift","JANGRuntime tests","parity fixture","move","Tests/JANGTests/JANGTQGeneratorTests.swift","7","corresponding JANG target","swift test and parity matrix","retire only with superseding fixture"
"hornsan1/jangq-private","5d5487c27fa81d9f51da27264ae855964e334070","jang-runtime/Tests/JANGTests/JANGTQLoaderTests.swift","JANGRuntime tests","parity fixture","move","Tests/JANGTests/JANGTQLoaderTests.swift","7","corresponding JANG target","swift test and parity matrix","retire only with superseding fixture"
"hornsan1/jangq-private","5d5487c27fa81d9f51da27264ae855964e334070","jang-runtime/Tests/JANGTests/JANGTQMoEBlockTests.swift","JANGRuntime tests","parity fixture","move","Tests/JANGTests/JANGTQMoEBlockTests.swift","7","corresponding JANG target","swift test and parity matrix","retire only with superseding fixture"
"hornsan1/jangq-private","5d5487c27fa81d9f51da27264ae855964e334070","jang-runtime/Tests/JANGTests/JANGTQModelEndToEndTests.swift","JANGRuntime tests","parity fixture","move","Tests/JANGTests/JANGTQModelEndToEndTests.swift","7","corresponding JANG target","swift test and parity matrix","retire only with superseding fixture"
"hornsan1/jangq-private","5d5487c27fa81d9f51da27264ae855964e334070","jang-runtime/Tests/JANGTests/JANGTQTokenizerTests.swift","JANGRuntime tests","parity fixture","move","Tests/JANGTests/JANGTQTokenizerTests.swift","7","corresponding JANG target","swift test and parity matrix","retire only with superseding fixture"
"hornsan1/jangq-private","5d5487c27fa81d9f51da27264ae855964e334070","jang-runtime/Tests/JANGTests/JANGTests.swift","JANGRuntime tests","parity fixture","move","Tests/JANGTests/JANGTests.swift","7","corresponding JANG target","swift test and parity matrix","retire only with superseding fixture"
"hornsan1/jangq-private","5d5487c27fa81d9f51da27264ae855964e334070","jang-runtime/Tests/JANGTests/JANGTokenizerPythonParityTests.swift","JANGRuntime tests","parity fixture","move","Tests/JANGTests/JANGTokenizerPythonParityTests.swift","7","corresponding JANG target","swift test and parity matrix","retire only with superseding fixture"
"hornsan1/jangq-private","5d5487c27fa81d9f51da27264ae855964e334070","jang-tools/jang_tools/dflash/__init__.py","jang-tools","specialized/reference tooling","reference","Workers/jang-tools/Reference/dflash/__init__.py","7-8","Python","capability inventory","explicitly out of scope or native parity"
"hornsan1/jangq-private","5d5487c27fa81d9f51da27264ae855964e334070","jang-tools/jang_tools/dflash/config.py","jang-tools","specialized/reference tooling","reference","Workers/jang-tools/Reference/dflash/config.py","7-8","Python","capability inventory","explicitly out of scope or native parity"
"hornsan1/jangq-private","5d5487c27fa81d9f51da27264ae855964e334070","jang-tools/jang_tools/dflash/convert_to_mlx.py","jang-tools","JANG/JANGTQ conversion","wrap","Workers/jang-tools/jang_tools/dflash/convert_to_mlx.py","8","safetensors;numpy;MLX/Torch","worker JSONL cancel manifest artifact parity","native converter parity"
"hornsan1/jangq-private","5d5487c27fa81d9f51da27264ae855964e334070","jang-tools/jang_tools/dflash/distill_data.py","jang-tools","specialized/reference tooling","reference","Workers/jang-tools/Reference/dflash/distill_data.py","7-8","Python","capability inventory","explicitly out of scope or native parity"
"hornsan1/jangq-private","5d5487c27fa81d9f51da27264ae855964e334070","jang-tools/jang_tools/dflash/drafter.py","jang-tools","specialized/reference tooling","reference","Workers/jang-tools/Reference/dflash/drafter.py","7-8","Python","capability inventory","explicitly out of scope or native parity"
"hornsan1/jangq-private","5d5487c27fa81d9f51da27264ae855964e334070","jang-tools/jang_tools/dflash/train.py","jang-tools","specialized/reference tooling","reference","Workers/jang-tools/Reference/dflash/train.py","7-8","Python","capability inventory","explicitly out of scope or native parity"
"hornsan1/jangq-private","5d5487c27fa81d9f51da27264ae855964e334070","jang-tools/jang_tools/dsv4/__init__.py","jang-tools","specialized/reference tooling","reference","Workers/jang-tools/Reference/dsv4/__init__.py","7-8","Python","capability inventory","explicitly out of scope or native parity"
"hornsan1/jangq-private","5d5487c27fa81d9f51da27264ae855964e334070","jang-tools/jang_tools/dsv4/analyze_quant_matrix.py","jang-tools","JANG/JANGTQ conversion","wrap","Workers/jang-tools/jang_tools/dsv4/analyze_quant_matrix.py","8","safetensors;numpy;MLX/Torch","worker JSONL cancel manifest artifact parity","native converter parity"
"hornsan1/jangq-private","5d5487c27fa81d9f51da27264ae855964e334070","jang-tools/jang_tools/dsv4/chat_template.py","jang-tools","specialized/reference tooling","reference","Workers/jang-tools/Reference/dsv4/chat_template.py","7-8","Python","capability inventory","explicitly out of scope or native parity"
"hornsan1/jangq-private","5d5487c27fa81d9f51da27264ae855964e334070","jang-tools/jang_tools/dsv4/convert_dsv4_bf16.py","jang-tools","JANG/JANGTQ conversion","wrap","Workers/jang-tools/jang_tools/dsv4/convert_dsv4_bf16.py","8","safetensors;numpy;MLX/Torch","worker JSONL cancel manifest artifact parity","native converter parity"
"hornsan1/jangq-private","5d5487c27fa81d9f51da27264ae855964e334070","jang-tools/jang_tools/dsv4/convert_dsv4_jang.py","jang-tools","JANG/JANGTQ conversion","wrap","Workers/jang-tools/jang_tools/dsv4/convert_dsv4_jang.py","8","safetensors;numpy;MLX/Torch","worker JSONL cancel manifest artifact parity","native converter parity"
"hornsan1/jangq-private","5d5487c27fa81d9f51da27264ae855964e334070","jang-tools/jang_tools/dsv4/convert_dsv4_jangtq.py","jang-tools","JANG/JANGTQ conversion","wrap","Workers/jang-tools/jang_tools/dsv4/convert_dsv4_jangtq.py","8","safetensors;numpy;MLX/Torch","worker JSONL cancel manifest artifact parity","native converter parity"
"hornsan1/jangq-private","5d5487c27fa81d9f51da27264ae855964e334070","jang-tools/jang_tools/dsv4/convert_dsv4_native.py","jang-tools","JANG/JANGTQ conversion","wrap","Workers/jang-tools/jang_tools/dsv4/convert_dsv4_native.py","8","safetensors;numpy;MLX/Torch","worker JSONL cancel manifest artifact parity","native converter parity"
"hornsan1/jangq-private","5d5487c27fa81d9f51da27264ae855964e334070","jang-tools/jang_tools/dsv4/diff_one_block.py","jang-tools","specialized/reference tooling","reference","Workers/jang-tools/Reference/dsv4/diff_one_block.py","7-8","Python","capability inventory","explicitly out of scope or native parity"
"hornsan1/jangq-private","5d5487c27fa81d9f51da27264ae855964e334070","jang-tools/jang_tools/dsv4/diff_per_op.py","jang-tools","specialized/reference tooling","reference","Workers/jang-tools/Reference/dsv4/diff_per_op.py","7-8","Python","capability inventory","explicitly out of scope or native parity"
"hornsan1/jangq-private","5d5487c27fa81d9f51da27264ae855964e334070","jang-tools/jang_tools/dsv4/diff_real_layer0.py","jang-tools","specialized/reference tooling","reference","Workers/jang-tools/Reference/dsv4/diff_real_layer0.py","7-8","Python","capability inventory","explicitly out of scope or native parity"
"hornsan1/jangq-private","5d5487c27fa81d9f51da27264ae855964e334070","jang-tools/jang_tools/dsv4/encoding_adapter.py","jang-tools","specialized/reference tooling","reference","Workers/jang-tools/Reference/dsv4/encoding_adapter.py","7-8","Python","capability inventory","explicitly out of scope or native parity"
"hornsan1/jangq-private","5d5487c27fa81d9f51da27264ae855964e334070","jang-tools/jang_tools/dsv4/fp4_codec.py","jang-tools","JANG/JANGTQ conversion","wrap","Workers/jang-tools/jang_tools/dsv4/fp4_codec.py","8","safetensors;numpy;MLX/Torch","worker JSONL cancel manifest artifact parity","native converter parity"
"hornsan1/jangq-private","5d5487c27fa81d9f51da27264ae855964e334070","jang-tools/jang_tools/dsv4/fp8_ue8m0_codec.py","jang-tools","JANG/JANGTQ conversion","wrap","Workers/jang-tools/jang_tools/dsv4/fp8_ue8m0_codec.py","8","safetensors;numpy;MLX/Torch","worker JSONL cancel manifest artifact parity","native converter parity"
"hornsan1/jangq-private","5d5487c27fa81d9f51da27264ae855964e334070","jang-tools/jang_tools/dsv4/layer_forward.py","jang-tools","expert analysis/pruning","wrap","Workers/jang-tools/jang_tools/dsv4/layer_forward.py","8-12","Python MLX/Torch","strategy capability and reviewed-prune golden tests","native strategy parity"
"hornsan1/jangq-private","5d5487c27fa81d9f51da27264ae855964e334070","jang-tools/jang_tools/dsv4/mlx_model.py","jang-tools","specialized/reference tooling","reference","Workers/jang-tools/Reference/dsv4/mlx_model.py","7-8","Python","capability inventory","explicitly out of scope or native parity"
"hornsan1/jangq-private","5d5487c27fa81d9f51da27264ae855964e334070","jang-tools/jang_tools/dsv4/mlx_register.py","jang-tools","specialized/reference tooling","reference","Workers/jang-tools/Reference/dsv4/mlx_register.py","7-8","Python","capability inventory","explicitly out of scope or native parity"
"hornsan1/jangq-private","5d5487c27fa81d9f51da27264ae855964e334070","jang-tools/jang_tools/dsv4/ops.py","jang-tools","specialized/reference tooling","reference","Workers/jang-tools/Reference/dsv4/ops.py","7-8","Python","capability inventory","explicitly out of scope or native parity"
"hornsan1/jangq-private","5d5487c27fa81d9f51da27264ae855964e334070","jang-tools/jang_tools/dsv4/patch_bundle_eos.py","jang-tools","specialized/reference tooling","reference","Workers/jang-tools/Reference/dsv4/patch_bundle_eos.py","7-8","Python","capability inventory","explicitly out of scope or native parity"
"hornsan1/jangq-private","5d5487c27fa81d9f51da27264ae855964e334070","jang-tools/jang_tools/dsv4/pool_quant_cache.py","jang-tools","JANG/JANGTQ conversion","wrap","Workers/jang-tools/jang_tools/dsv4/pool_quant_cache.py","8","safetensors;numpy;MLX/Torch","worker JSONL cancel manifest artifact parity","native converter parity"
"hornsan1/jangq-private","5d5487c27fa81d9f51da27264ae855964e334070","jang-tools/jang_tools/dsv4/runtime.py","jang-tools","duplicate Python inference/runtime","reference","Workers/jang-tools/jang_tools/dsv4/runtime.py","8","Python MLX/Torch","vMLX output/load/serve parity","no product inference use and parity complete"
"hornsan1/jangq-private","5d5487c27fa81d9f51da27264ae855964e334070","jang-tools/jang_tools/dsv4/verify_bf16_identical.py","jang-tools","inspection/verification","wrap","Workers/jang-tools/jang_tools/dsv4/verify_bf16_identical.py","8","Python","verification fixture and diagnostics tests","native verification parity"
"hornsan1/jangq-private","5d5487c27fa81d9f51da27264ae855964e334070","jang-tools/jang_tools/dsv4/verify_mlx_vs_torch.py","jang-tools","inspection/verification","wrap","Workers/jang-tools/jang_tools/dsv4/verify_mlx_vs_torch.py","8","Python","verification fixture and diagnostics tests","native verification parity"
"hornsan1/jangq-private","5d5487c27fa81d9f51da27264ae855964e334070","jang-tools/jang_tools/dsv4/weight_loader.py","jang-tools","specialized/reference tooling","reference","Workers/jang-tools/Reference/dsv4/weight_loader.py","7-8","Python","capability inventory","explicitly out of scope or native parity"
"hornsan1/jangq-private","5d5487c27fa81d9f51da27264ae855964e334070","jang-tools/jang_tools/eval/__init__.py","jang-tools","specialized/reference tooling","reference","Workers/jang-tools/Reference/eval/__init__.py","7-8","Python","capability inventory","explicitly out of scope or native parity"
"hornsan1/jangq-private","5d5487c27fa81d9f51da27264ae855964e334070","jang-tools/jang_tools/format/__init__.py","jang-tools","JANG/JANGTQ conversion","wrap","Workers/jang-tools/jang_tools/format/__init__.py","8","safetensors;numpy;MLX/Torch","worker JSONL cancel manifest artifact parity","native converter parity"
"hornsan1/jangq-private","5d5487c27fa81d9f51da27264ae855964e334070","jang-tools/jang_tools/format/reader.py","jang-tools","JANG/JANGTQ conversion","wrap","Workers/jang-tools/jang_tools/format/reader.py","8","safetensors;numpy;MLX/Torch","worker JSONL cancel manifest artifact parity","native converter parity"
"hornsan1/jangq-private","5d5487c27fa81d9f51da27264ae855964e334070","jang-tools/jang_tools/format/spec.py","jang-tools","JANG/JANGTQ conversion","wrap","Workers/jang-tools/jang_tools/format/spec.py","8","safetensors;numpy;MLX/Torch","worker JSONL cancel manifest artifact parity","native converter parity"
"hornsan1/jangq-private","5d5487c27fa81d9f51da27264ae855964e334070","jang-tools/jang_tools/format/writer.py","jang-tools","JANG/JANGTQ conversion","wrap","Workers/jang-tools/jang_tools/format/writer.py","8","safetensors;numpy;MLX/Torch","worker JSONL cancel manifest artifact parity","native converter parity"
"hornsan1/jangq-private","5d5487c27fa81d9f51da27264ae855964e334070","jang-tools/jang_tools/hy3/__init__.py","jang-tools","specialized/reference tooling","reference","Workers/jang-tools/Reference/hy3/__init__.py","7-8","Python","capability inventory","explicitly out of scope or native parity"
"hornsan1/jangq-private","5d5487c27fa81d9f51da27264ae855964e334070","jang-tools/jang_tools/hy3/model.py","jang-tools","specialized/reference tooling","reference","Workers/jang-tools/Reference/hy3/model.py","7-8","Python","capability inventory","explicitly out of scope or native parity"
"hornsan1/jangq-private","5d5487c27fa81d9f51da27264ae855964e334070","jang-tools/jang_tools/hy3/runtime.py","jang-tools","duplicate Python inference/runtime","reference","Workers/jang-tools/jang_tools/hy3/runtime.py","8","Python MLX/Torch","vMLX output/load/serve parity","no product inference use and parity complete"
"hornsan1/jangq-private","5d5487c27fa81d9f51da27264ae855964e334070","jang-tools/jang_tools/jangrt/__init__.py","jang-tools","specialized/reference tooling","reference","Workers/jang-tools/Reference/jangrt/__init__.py","7-8","Python","capability inventory","explicitly out of scope or native parity"
"hornsan1/jangq-private","5d5487c27fa81d9f51da27264ae855964e334070","jang-tools/jang_tools/jangrt/inference_mode.py","jang-tools","specialized/reference tooling","reference","Workers/jang-tools/Reference/jangrt/inference_mode.py","7-8","Python","capability inventory","explicitly out of scope or native parity"
"hornsan1/jangq-private","5d5487c27fa81d9f51da27264ae855964e334070","jang-tools/jang_tools/jangrt/jangtq_hydrate.py","jang-tools","specialized/reference tooling","reference","Workers/jang-tools/Reference/jangrt/jangtq_hydrate.py","7-8","Python","capability inventory","explicitly out of scope or native parity"
"hornsan1/jangq-private","5d5487c27fa81d9f51da27264ae855964e334070","jang-tools/jang_tools/jangrt/linear.py","jang-tools","specialized/reference tooling","reference","Workers/jang-tools/Reference/jangrt/linear.py","7-8","Python","capability inventory","explicitly out of scope or native parity"
"hornsan1/jangq-private","5d5487c27fa81d9f51da27264ae855964e334070","jang-tools/jang_tools/jangrt/loader.py","jang-tools","specialized/reference tooling","reference","Workers/jang-tools/Reference/jangrt/loader.py","7-8","Python","capability inventory","explicitly out of scope or native parity"
"hornsan1/jangq-private","5d5487c27fa81d9f51da27264ae855964e334070","jang-tools/jang_tools/jangrt/switchglu_decode.py","jang-tools","specialized/reference tooling","reference","Workers/jang-tools/Reference/jangrt/switchglu_decode.py","7-8","Python","capability inventory","explicitly out of scope or native parity"
"hornsan1/jangq-private","5d5487c27fa81d9f51da27264ae855964e334070","jang-tools/jang_tools/jangspec/__init__.py","jang-tools","specialized/reference tooling","reference","Workers/jang-tools/Reference/jangspec/__init__.py","7-8","Python","capability inventory","explicitly out of scope or native parity"
"hornsan1/jangq-private","5d5487c27fa81d9f51da27264ae855964e334070","jang-tools/jang_tools/jangspec/blob.py","jang-tools","specialized/reference tooling","reference","Workers/jang-tools/Reference/jangspec/blob.py","7-8","Python","capability inventory","explicitly out of scope or native parity"
"hornsan1/jangq-private","5d5487c27fa81d9f51da27264ae855964e334070","jang-tools/jang_tools/jangspec/builder.py","jang-tools","specialized/reference tooling","reference","Workers/jang-tools/Reference/jangspec/builder.py","7-8","Python","capability inventory","explicitly out of scope or native parity"
"hornsan1/jangq-private","5d5487c27fa81d9f51da27264ae855964e334070","jang-tools/jang_tools/jangspec/bundle_loader.py","jang-tools","specialized/reference tooling","reference","Workers/jang-tools/Reference/jangspec/bundle_loader.py","7-8","Python","capability inventory","explicitly out of scope or native parity"
"hornsan1/jangq-private","5d5487c27fa81d9f51da27264ae855964e334070","jang-tools/jang_tools/jangspec/cli.py","jang-tools","specialized/reference tooling","reference","Workers/jang-tools/Reference/jangspec/cli.py","7-8","Python","capability inventory","explicitly out of scope or native parity"
"hornsan1/jangq-private","5d5487c27fa81d9f51da27264ae855964e334070","jang-tools/jang_tools/jangspec/format.py","jang-tools","specialized/reference tooling","reference","Workers/jang-tools/Reference/jangspec/format.py","7-8","Python","capability inventory","explicitly out of scope or native parity"
"hornsan1/jangq-private","5d5487c27fa81d9f51da27264ae855964e334070","jang-tools/jang_tools/jangspec/index.py","jang-tools","specialized/reference tooling","reference","Workers/jang-tools/Reference/jangspec/index.py","7-8","Python","capability inventory","explicitly out of scope or native parity"
"hornsan1/jangq-private","5d5487c27fa81d9f51da27264ae855964e334070","jang-tools/jang_tools/jangspec/manifest.py","jang-tools","specialized/reference tooling","reference","Workers/jang-tools/Reference/jangspec/manifest.py","7-8","Python","capability inventory","explicitly out of scope or native parity"
"hornsan1/jangq-private","5d5487c27fa81d9f51da27264ae855964e334070","jang-tools/jang_tools/jangspec/reader.py","jang-tools","specialized/reference tooling","reference","Workers/jang-tools/Reference/jangspec/reader.py","7-8","Python","capability inventory","explicitly out of scope or native parity"
"hornsan1/jangq-private","5d5487c27fa81d9f51da27264ae855964e334070","jang-tools/jang_tools/jangspec/tier.py","jang-tools","specialized/reference tooling","reference","Workers/jang-tools/Reference/jangspec/tier.py","7-8","Python","capability inventory","explicitly out of scope or native parity"
"hornsan1/jangq-private","5d5487c27fa81d9f51da27264ae855964e334070","jang-tools/jang_tools/kimi_prune/__init__.py","jang-tools","expert analysis/pruning","wrap","Workers/jang-tools/jang_tools/kimi_prune/__init__.py","8-12","Python MLX/Torch","strategy capability and reviewed-prune golden tests","native strategy parity"
"hornsan1/jangq-private","5d5487c27fa81d9f51da27264ae855964e334070","jang-tools/jang_tools/kimi_prune/bench.py","jang-tools","expert analysis/pruning","wrap","Workers/jang-tools/jang_tools/kimi_prune/bench.py","8-12","Python MLX/Torch","strategy capability and reviewed-prune golden tests","native strategy parity"
"hornsan1/jangq-private","5d5487c27fa81d9f51da27264ae855964e334070","jang-tools/jang_tools/kimi_prune/bench_humaneval.py","jang-tools","expert analysis/pruning","wrap","Workers/jang-tools/jang_tools/kimi_prune/bench_humaneval.py","8-12","Python MLX/Torch","strategy capability and reviewed-prune golden tests","native strategy parity"
"hornsan1/jangq-private","5d5487c27fa81d9f51da27264ae855964e334070","jang-tools/jang_tools/kimi_prune/bench_humaneval_passk.py","jang-tools","expert analysis/pruning","wrap","Workers/jang-tools/jang_tools/kimi_prune/bench_humaneval_passk.py","8-12","Python MLX/Torch","strategy capability and reviewed-prune golden tests","native strategy parity"
"hornsan1/jangq-private","5d5487c27fa81d9f51da27264ae855964e334070","jang-tools/jang_tools/kimi_prune/bench_humaneval_retry.py","jang-tools","expert analysis/pruning","wrap","Workers/jang-tools/jang_tools/kimi_prune/bench_humaneval_retry.py","8-12","Python MLX/Torch","strategy capability and reviewed-prune golden tests","native strategy parity"
"hornsan1/jangq-private","5d5487c27fa81d9f51da27264ae855964e334070","jang-tools/jang_tools/kimi_prune/bench_mmlu.py","jang-tools","expert analysis/pruning","wrap","Workers/jang-tools/jang_tools/kimi_prune/bench_mmlu.py","8-12","Python MLX/Torch","strategy capability and reviewed-prune golden tests","native strategy parity"
"hornsan1/jangq-private","5d5487c27fa81d9f51da27264ae855964e334070","jang-tools/jang_tools/kimi_prune/bench_mmlu_logit.py","jang-tools","expert analysis/pruning","wrap","Workers/jang-tools/jang_tools/kimi_prune/bench_mmlu_logit.py","8-12","Python MLX/Torch","strategy capability and reviewed-prune golden tests","native strategy parity"
"hornsan1/jangq-private","5d5487c27fa81d9f51da27264ae855964e334070","jang-tools/jang_tools/kimi_prune/bench_text.py","jang-tools","expert analysis/pruning","wrap","Workers/jang-tools/jang_tools/kimi_prune/bench_text.py","8-12","Python MLX/Torch","strategy capability and reviewed-prune golden tests","native strategy parity"
"hornsan1/jangq-private","5d5487c27fa81d9f51da27264ae855964e334070","jang-tools/jang_tools/kimi_prune/build_calib.py","jang-tools","expert analysis/pruning","wrap","Workers/jang-tools/jang_tools/kimi_prune/build_calib.py","8-12","Python MLX/Torch","strategy capability and reviewed-prune golden tests","native strategy parity"
"hornsan1/jangq-private","5d5487c27fa81d9f51da27264ae855964e334070","jang-tools/jang_tools/kimi_prune/build_calib_v2.py","jang-tools","expert analysis/pruning","wrap","Workers/jang-tools/jang_tools/kimi_prune/build_calib_v2.py","8-12","Python MLX/Torch","strategy capability and reviewed-prune golden tests","native strategy parity"
"hornsan1/jangq-private","5d5487c27fa81d9f51da27264ae855964e334070","jang-tools/jang_tools/kimi_prune/build_calib_v3.py","jang-tools","expert analysis/pruning","wrap","Workers/jang-tools/jang_tools/kimi_prune/build_calib_v3.py","8-12","Python MLX/Torch","strategy capability and reviewed-prune golden tests","native strategy parity"
"hornsan1/jangq-private","5d5487c27fa81d9f51da27264ae855964e334070","jang-tools/jang_tools/kimi_prune/convert_kimi_jangtq.py","jang-tools","expert analysis/pruning","wrap","Workers/jang-tools/jang_tools/kimi_prune/convert_kimi_jangtq.py","8-12","Python MLX/Torch","strategy capability and reviewed-prune golden tests","native strategy parity"
"hornsan1/jangq-private","5d5487c27fa81d9f51da27264ae855964e334070","jang-tools/jang_tools/kimi_prune/generate_once.py","jang-tools","duplicate Python inference/runtime","reference","Workers/jang-tools/jang_tools/kimi_prune/generate_once.py","8","Python MLX/Torch","vMLX output/load/serve parity","no product inference use and parity complete"
"hornsan1/jangq-private","5d5487c27fa81d9f51da27264ae855964e334070","jang-tools/jang_tools/kimi_prune/generate_vl.py","jang-tools","duplicate Python inference/runtime","reference","Workers/jang-tools/jang_tools/kimi_prune/generate_vl.py","8","Python MLX/Torch","vMLX output/load/serve parity","no product inference use and parity complete"
"hornsan1/jangq-private","5d5487c27fa81d9f51da27264ae855964e334070","jang-tools/jang_tools/kimi_prune/int4_codec.py","jang-tools","expert analysis/pruning","wrap","Workers/jang-tools/jang_tools/kimi_prune/int4_codec.py","8-12","Python MLX/Torch","strategy capability and reviewed-prune golden tests","native strategy parity"
"hornsan1/jangq-private","5d5487c27fa81d9f51da27264ae855964e334070","jang-tools/jang_tools/kimi_prune/jangreap.py","jang-tools","expert analysis/pruning","wrap","Workers/jang-tools/jang_tools/kimi_prune/jangreap.py","8-12","Python MLX/Torch","strategy capability and reviewed-prune golden tests","native strategy parity"
"hornsan1/jangq-private","5d5487c27fa81d9f51da27264ae855964e334070","jang-tools/jang_tools/kimi_prune/layer_forward.py","jang-tools","expert analysis/pruning","wrap","Workers/jang-tools/jang_tools/kimi_prune/layer_forward.py","8-12","Python MLX/Torch","strategy capability and reviewed-prune golden tests","native strategy parity"
"hornsan1/jangq-private","5d5487c27fa81d9f51da27264ae855964e334070","jang-tools/jang_tools/kimi_prune/profile.py","jang-tools","expert analysis/pruning","wrap","Workers/jang-tools/jang_tools/kimi_prune/profile.py","8-12","Python MLX/Torch","strategy capability and reviewed-prune golden tests","native strategy parity"
"hornsan1/jangq-private","5d5487c27fa81d9f51da27264ae855964e334070","jang-tools/jang_tools/kimi_prune/prune.py","jang-tools","expert analysis/pruning","wrap","Workers/jang-tools/jang_tools/kimi_prune/prune.py","8-12","Python MLX/Torch","strategy capability and reviewed-prune golden tests","native strategy parity"
"hornsan1/jangq-private","5d5487c27fa81d9f51da27264ae855964e334070","jang-tools/jang_tools/kimi_prune/runtime_patch.py","jang-tools","duplicate Python inference/runtime","reference","Workers/jang-tools/jang_tools/kimi_prune/runtime_patch.py","8","Python MLX/Torch","vMLX output/load/serve parity","no product inference use and parity complete"
"hornsan1/jangq-private","5d5487c27fa81d9f51da27264ae855964e334070","jang-tools/jang_tools/kimi_prune/runtime_test.py","jang-tools","duplicate Python inference/runtime","reference","Workers/jang-tools/jang_tools/kimi_prune/runtime_test.py","8","Python MLX/Torch","vMLX output/load/serve parity","no product inference use and parity complete"
"hornsan1/jangq-private","5d5487c27fa81d9f51da27264ae855964e334070","jang-tools/jang_tools/kimi_prune/runtime_test_vl.py","jang-tools","duplicate Python inference/runtime","reference","Workers/jang-tools/jang_tools/kimi_prune/runtime_test_vl.py","8","Python MLX/Torch","vMLX output/load/serve parity","no product inference use and parity complete"
"hornsan1/jangq-private","5d5487c27fa81d9f51da27264ae855964e334070","jang-tools/jang_tools/kimi_prune/score.py","jang-tools","expert analysis/pruning","wrap","Workers/jang-tools/jang_tools/kimi_prune/score.py","8-12","Python MLX/Torch","strategy capability and reviewed-prune golden tests","native strategy parity"
"hornsan1/jangq-private","5d5487c27fa81d9f51da27264ae855964e334070","jang-tools/jang_tools/kimi_prune/serve.py","jang-tools","duplicate Python inference/runtime","reference","Workers/jang-tools/jang_tools/kimi_prune/serve.py","8","Python MLX/Torch","vMLX output/load/serve parity","no product inference use and parity complete"
"hornsan1/jangq-private","5d5487c27fa81d9f51da27264ae855964e334070","jang-tools/jang_tools/kimi_prune/tokenize_calib.py","jang-tools","expert analysis/pruning","wrap","Workers/jang-tools/jang_tools/kimi_prune/tokenize_calib.py","8-12","Python MLX/Torch","strategy capability and reviewed-prune golden tests","native strategy parity"
"hornsan1/jangq-private","5d5487c27fa81d9f51da27264ae855964e334070","jang-tools/jang_tools/kimi_prune/verify.py","jang-tools","expert analysis/pruning","wrap","Workers/jang-tools/jang_tools/kimi_prune/verify.py","8-12","Python MLX/Torch","strategy capability and reviewed-prune golden tests","native strategy parity"
"hornsan1/jangq-private","5d5487c27fa81d9f51da27264ae855964e334070","jang-tools/jang_tools/kimi_prune/weight_loader.py","jang-tools","expert analysis/pruning","wrap","Workers/jang-tools/jang_tools/kimi_prune/weight_loader.py","8-12","Python MLX/Torch","strategy capability and reviewed-prune golden tests","native strategy parity"
"hornsan1/jangq-private","5d5487c27fa81d9f51da27264ae855964e334070","jang-tools/jang_tools/laguna/__init__.py","jang-tools","specialized/reference tooling","reference","Workers/jang-tools/Reference/laguna/__init__.py","7-8","Python","capability inventory","explicitly out of scope or native parity"
"hornsan1/jangq-private","5d5487c27fa81d9f51da27264ae855964e334070","jang-tools/jang_tools/laguna/config.py","jang-tools","specialized/reference tooling","reference","Workers/jang-tools/Reference/laguna/config.py","7-8","Python","capability inventory","explicitly out of scope or native parity"
"hornsan1/jangq-private","5d5487c27fa81d9f51da27264ae855964e334070","jang-tools/jang_tools/laguna/convert.py","jang-tools","JANG/JANGTQ conversion","wrap","Workers/jang-tools/jang_tools/laguna/convert.py","8","safetensors;numpy;MLX/Torch","worker JSONL cancel manifest artifact parity","native converter parity"
"hornsan1/jangq-private","5d5487c27fa81d9f51da27264ae855964e334070","jang-tools/jang_tools/laguna/model.py","jang-tools","specialized/reference tooling","reference","Workers/jang-tools/Reference/laguna/model.py","7-8","Python","capability inventory","explicitly out of scope or native parity"
"hornsan1/jangq-private","5d5487c27fa81d9f51da27264ae855964e334070","jang-tools/jang_tools/laguna/runtime.py","jang-tools","duplicate Python inference/runtime","reference","Workers/jang-tools/jang_tools/laguna/runtime.py","8","Python MLX/Torch","vMLX output/load/serve parity","no product inference use and parity complete"
"hornsan1/jangq-private","5d5487c27fa81d9f51da27264ae855964e334070","jang-tools/jang_tools/laguna/weight_loader_bf16.py","jang-tools","specialized/reference tooling","reference","Workers/jang-tools/Reference/laguna/weight_loader_bf16.py","7-8","Python","capability inventory","explicitly out of scope or native parity"
"hornsan1/jangq-private","5d5487c27fa81d9f51da27264ae855964e334070","jang-tools/jang_tools/mimo_v2/__init__.py","jang-tools","specialized/reference tooling","reference","Workers/jang-tools/Reference/mimo_v2/__init__.py","7-8","Python","capability inventory","explicitly out of scope or native parity"
"hornsan1/jangq-private","5d5487c27fa81d9f51da27264ae855964e334070","jang-tools/jang_tools/mimo_v2/affine_codec.py","jang-tools","JANG/JANGTQ conversion","wrap","Workers/jang-tools/jang_tools/mimo_v2/affine_codec.py","8","safetensors;numpy;MLX/Torch","worker JSONL cancel manifest artifact parity","native converter parity"
"hornsan1/jangq-private","5d5487c27fa81d9f51da27264ae855964e334070","jang-tools/jang_tools/mimo_v2/awq_qdq.py","jang-tools","specialized/reference tooling","reference","Workers/jang-tools/Reference/mimo_v2/awq_qdq.py","7-8","Python","capability inventory","explicitly out of scope or native parity"
"hornsan1/jangq-private","5d5487c27fa81d9f51da27264ae855964e334070","jang-tools/jang_tools/mimo_v2/convert_jang.py","jang-tools","JANG/JANGTQ conversion","wrap","Workers/jang-tools/jang_tools/mimo_v2/convert_jang.py","8","safetensors;numpy;MLX/Torch","worker JSONL cancel manifest artifact parity","native converter parity"
"hornsan1/jangq-private","5d5487c27fa81d9f51da27264ae855964e334070","jang-tools/jang_tools/mimo_v2/fp8_block_codec.py","jang-tools","JANG/JANGTQ conversion","wrap","Workers/jang-tools/jang_tools/mimo_v2/fp8_block_codec.py","8","safetensors;numpy;MLX/Torch","worker JSONL cancel manifest artifact parity","native converter parity"
"hornsan1/jangq-private","5d5487c27fa81d9f51da27264ae855964e334070","jang-tools/jang_tools/mimo_v2/mlx_model.py","jang-tools","specialized/reference tooling","reference","Workers/jang-tools/Reference/mimo_v2/mlx_model.py","7-8","Python","capability inventory","explicitly out of scope or native parity"
"hornsan1/jangq-private","5d5487c27fa81d9f51da27264ae855964e334070","jang-tools/jang_tools/mimo_v2/mlx_register.py","jang-tools","specialized/reference tooling","reference","Workers/jang-tools/Reference/mimo_v2/mlx_register.py","7-8","Python","capability inventory","explicitly out of scope or native parity"
"hornsan1/jangq-private","5d5487c27fa81d9f51da27264ae855964e334070","jang-tools/jang_tools/mimo_v2/router_trace.py","jang-tools","expert analysis/pruning","wrap","Workers/jang-tools/jang_tools/mimo_v2/router_trace.py","8-12","Python MLX/Torch","strategy capability and reviewed-prune golden tests","native strategy parity"
"hornsan1/jangq-private","5d5487c27fa81d9f51da27264ae855964e334070","jang-tools/jang_tools/mimo_v2/source_contract.py","jang-tools","specialized/reference tooling","reference","Workers/jang-tools/Reference/mimo_v2/source_contract.py","7-8","Python","capability inventory","explicitly out of scope or native parity"
"hornsan1/jangq-private","5d5487c27fa81d9f51da27264ae855964e334070","jang-tools/jang_tools/mimo_v2/tests/__init__.py","jang-tools","specialized/reference tooling","reference","Workers/jang-tools/Reference/mimo_v2/tests/__init__.py","7-8","Python","capability inventory","explicitly out of scope or native parity"
"hornsan1/jangq-private","5d5487c27fa81d9f51da27264ae855964e334070","jang-tools/jang_tools/mimo_v2/verify_bundle.py","jang-tools","inspection/verification","wrap","Workers/jang-tools/jang_tools/mimo_v2/verify_bundle.py","8","Python","verification fixture and diagnostics tests","native verification parity"
"hornsan1/jangq-private","5d5487c27fa81d9f51da27264ae855964e334070","jang-tools/jang_tools/mimo_v2/vlm/__init__.py","jang-tools","specialized/reference tooling","reference","Workers/jang-tools/Reference/mimo_v2/vlm/__init__.py","7-8","Python","capability inventory","explicitly out of scope or native parity"
"hornsan1/jangq-private","5d5487c27fa81d9f51da27264ae855964e334070","jang-tools/jang_tools/mimo_v2/vlm/config.py","jang-tools","specialized/reference tooling","reference","Workers/jang-tools/Reference/mimo_v2/vlm/config.py","7-8","Python","capability inventory","explicitly out of scope or native parity"
"hornsan1/jangq-private","5d5487c27fa81d9f51da27264ae855964e334070","jang-tools/jang_tools/mimo_v2/vlm/load.py","jang-tools","specialized/reference tooling","reference","Workers/jang-tools/Reference/mimo_v2/vlm/load.py","7-8","Python","capability inventory","explicitly out of scope or native parity"
"hornsan1/jangq-private","5d5487c27fa81d9f51da27264ae855964e334070","jang-tools/jang_tools/mimo_v2/vlm/model.py","jang-tools","specialized/reference tooling","reference","Workers/jang-tools/Reference/mimo_v2/vlm/model.py","7-8","Python","capability inventory","explicitly out of scope or native parity"
"hornsan1/jangq-private","5d5487c27fa81d9f51da27264ae855964e334070","jang-tools/jang_tools/mimo_v2/vlm/vision.py","jang-tools","specialized/reference tooling","reference","Workers/jang-tools/Reference/mimo_v2/vlm/vision.py","7-8","Python","capability inventory","explicitly out of scope or native parity"
"hornsan1/jangq-private","5d5487c27fa81d9f51da27264ae855964e334070","jang-tools/jang_tools/mimo_v2/weight_loader.py","jang-tools","specialized/reference tooling","reference","Workers/jang-tools/Reference/mimo_v2/weight_loader.py","7-8","Python","capability inventory","explicitly out of scope or native parity"
"hornsan1/jangq-private","5d5487c27fa81d9f51da27264ae855964e334070","jang-tools/jang_tools/minimax_m3/__init__.py","jang-tools","specialized/reference tooling","reference","Workers/jang-tools/Reference/minimax_m3/__init__.py","7-8","Python","capability inventory","explicitly out of scope or native parity"
"hornsan1/jangq-private","5d5487c27fa81d9f51da27264ae855964e334070","jang-tools/jang_tools/minimax_m3/awq_capture.py","jang-tools","specialized/reference tooling","reference","Workers/jang-tools/Reference/minimax_m3/awq_capture.py","7-8","Python","capability inventory","explicitly out of scope or native parity"
"hornsan1/jangq-private","5d5487c27fa81d9f51da27264ae855964e334070","jang-tools/jang_tools/minimax_m3/convert_jang.py","jang-tools","JANG/JANGTQ conversion","wrap","Workers/jang-tools/jang_tools/minimax_m3/convert_jang.py","8","safetensors;numpy;MLX/Torch","worker JSONL cancel manifest artifact parity","native converter parity"
"hornsan1/jangq-private","5d5487c27fa81d9f51da27264ae855964e334070","jang-tools/jang_tools/minimax_m3/layer_forward.py","jang-tools","expert analysis/pruning","wrap","Workers/jang-tools/jang_tools/minimax_m3/layer_forward.py","8-12","Python MLX/Torch","strategy capability and reviewed-prune golden tests","native strategy parity"
"hornsan1/jangq-private","5d5487c27fa81d9f51da27264ae855964e334070","jang-tools/jang_tools/minimax_m3/probe.py","jang-tools","specialized/reference tooling","reference","Workers/jang-tools/Reference/minimax_m3/probe.py","7-8","Python","capability inventory","explicitly out of scope or native parity"
"hornsan1/jangq-private","5d5487c27fa81d9f51da27264ae855964e334070","jang-tools/jang_tools/minimax_m3/reap_profile.py","jang-tools","expert analysis/pruning","wrap","Workers/jang-tools/jang_tools/minimax_m3/reap_profile.py","8-12","Python MLX/Torch","strategy capability and reviewed-prune golden tests","native strategy parity"
"hornsan1/jangq-private","5d5487c27fa81d9f51da27264ae855964e334070","jang-tools/jang_tools/minimax_m3/reap_select.py","jang-tools","expert analysis/pruning","wrap","Workers/jang-tools/jang_tools/minimax_m3/reap_select.py","8-12","Python MLX/Torch","strategy capability and reviewed-prune golden tests","native strategy parity"
"hornsan1/jangq-private","5d5487c27fa81d9f51da27264ae855964e334070","jang-tools/jang_tools/minimax_m3/weight_stream.py","jang-tools","specialized/reference tooling","reference","Workers/jang-tools/Reference/minimax_m3/weight_stream.py","7-8","Python","capability inventory","explicitly out of scope or native parity"
"hornsan1/jangq-private","5d5487c27fa81d9f51da27264ae855964e334070","jang-tools/jang_tools/mistral3/__init__.py","jang-tools","specialized/reference tooling","reference","Workers/jang-tools/Reference/mistral3/__init__.py","7-8","Python","capability inventory","explicitly out of scope or native parity"
"hornsan1/jangq-private","5d5487c27fa81d9f51da27264ae855964e334070","jang-tools/jang_tools/mistral3/config.py","jang-tools","specialized/reference tooling","reference","Workers/jang-tools/Reference/mistral3/config.py","7-8","Python","capability inventory","explicitly out of scope or native parity"
"hornsan1/jangq-private","5d5487c27fa81d9f51da27264ae855964e334070","jang-tools/jang_tools/mistral3/convert.py","jang-tools","JANG/JANGTQ conversion","wrap","Workers/jang-tools/jang_tools/mistral3/convert.py","8","safetensors;numpy;MLX/Torch","worker JSONL cancel manifest artifact parity","native converter parity"
"hornsan1/jangq-private","5d5487c27fa81d9f51da27264ae855964e334070","jang-tools/jang_tools/mistral3/convert_jangtq.py","jang-tools","JANG/JANGTQ conversion","wrap","Workers/jang-tools/jang_tools/mistral3/convert_jangtq.py","8","safetensors;numpy;MLX/Torch","worker JSONL cancel manifest artifact parity","native converter parity"
"hornsan1/jangq-private","5d5487c27fa81d9f51da27264ae855964e334070","jang-tools/jang_tools/mistral3/fp8_per_tensor_codec.py","jang-tools","JANG/JANGTQ conversion","wrap","Workers/jang-tools/jang_tools/mistral3/fp8_per_tensor_codec.py","8","safetensors;numpy;MLX/Torch","worker JSONL cancel manifest artifact parity","native converter parity"
"hornsan1/jangq-private","5d5487c27fa81d9f51da27264ae855964e334070","jang-tools/jang_tools/mistral3/model.py","jang-tools","specialized/reference tooling","reference","Workers/jang-tools/Reference/mistral3/model.py","7-8","Python","capability inventory","explicitly out of scope or native parity"
"hornsan1/jangq-private","5d5487c27fa81d9f51da27264ae855964e334070","jang-tools/jang_tools/mistral3/runtime.py","jang-tools","duplicate Python inference/runtime","reference","Workers/jang-tools/jang_tools/mistral3/runtime.py","8","Python MLX/Torch","vMLX output/load/serve parity","no product inference use and parity complete"
"hornsan1/jangq-private","5d5487c27fa81d9f51da27264ae855964e334070","jang-tools/jang_tools/mistral3/weight_loader.py","jang-tools","specialized/reference tooling","reference","Workers/jang-tools/Reference/mistral3/weight_loader.py","7-8","Python","capability inventory","explicitly out of scope or native parity"
"hornsan1/jangq-private","5d5487c27fa81d9f51da27264ae855964e334070","jang-tools/jang_tools/nemotron_omni/__init__.py","jang-tools","specialized/reference tooling","reference","Workers/jang-tools/Reference/nemotron_omni/__init__.py","7-8","Python","capability inventory","explicitly out of scope or native parity"
"hornsan1/jangq-private","5d5487c27fa81d9f51da27264ae855964e334070","jang-tools/jang_tools/nemotron_omni/audio_features.py","jang-tools","specialized/reference tooling","reference","Workers/jang-tools/Reference/nemotron_omni/audio_features.py","7-8","Python","capability inventory","explicitly out of scope or native parity"
"hornsan1/jangq-private","5d5487c27fa81d9f51da27264ae855964e334070","jang-tools/jang_tools/nemotron_omni/image_processor.py","jang-tools","specialized/reference tooling","reference","Workers/jang-tools/Reference/nemotron_omni/image_processor.py","7-8","Python","capability inventory","explicitly out of scope or native parity"
"hornsan1/jangq-private","5d5487c27fa81d9f51da27264ae855964e334070","jang-tools/jang_tools/nemotron_omni/model.py","jang-tools","specialized/reference tooling","reference","Workers/jang-tools/Reference/nemotron_omni/model.py","7-8","Python","capability inventory","explicitly out of scope or native parity"
"hornsan1/jangq-private","5d5487c27fa81d9f51da27264ae855964e334070","jang-tools/jang_tools/nemotron_omni/parakeet.py","jang-tools","specialized/reference tooling","reference","Workers/jang-tools/Reference/nemotron_omni/parakeet.py","7-8","Python","capability inventory","explicitly out of scope or native parity"
"hornsan1/jangq-private","5d5487c27fa81d9f51da27264ae855964e334070","jang-tools/jang_tools/nemotron_omni/projectors.py","jang-tools","specialized/reference tooling","reference","Workers/jang-tools/Reference/nemotron_omni/projectors.py","7-8","Python","capability inventory","explicitly out of scope or native parity"
"hornsan1/jangq-private","5d5487c27fa81d9f51da27264ae855964e334070","jang-tools/jang_tools/nemotron_omni/radio.py","jang-tools","specialized/reference tooling","reference","Workers/jang-tools/Reference/nemotron_omni/radio.py","7-8","Python","capability inventory","explicitly out of scope or native parity"
"hornsan1/jangq-private","5d5487c27fa81d9f51da27264ae855964e334070","jang-tools/jang_tools/nemotron_omni/video_processor.py","jang-tools","specialized/reference tooling","reference","Workers/jang-tools/Reference/nemotron_omni/video_processor.py","7-8","Python","capability inventory","explicitly out of scope or native parity"
"hornsan1/jangq-private","5d5487c27fa81d9f51da27264ae855964e334070","jang-tools/jang_tools/reasoning/__init__.py","jang-tools","specialized/reference tooling","reference","Workers/jang-tools/Reference/reasoning/__init__.py","7-8","Python","capability inventory","explicitly out of scope or native parity"
"hornsan1/jangq-private","5d5487c27fa81d9f51da27264ae855964e334070","jang-tools/jang_tools/reasoning/base.py","jang-tools","specialized/reference tooling","reference","Workers/jang-tools/Reference/reasoning/base.py","7-8","Python","capability inventory","explicitly out of scope or native parity"
"hornsan1/jangq-private","5d5487c27fa81d9f51da27264ae855964e334070","jang-tools/jang_tools/reasoning/deepseek_r1_parser.py","jang-tools","specialized/reference tooling","reference","Workers/jang-tools/Reference/reasoning/deepseek_r1_parser.py","7-8","Python","capability inventory","explicitly out of scope or native parity"
"hornsan1/jangq-private","5d5487c27fa81d9f51da27264ae855964e334070","jang-tools/jang_tools/reasoning/gemma4_parser.py","jang-tools","specialized/reference tooling","reference","Workers/jang-tools/Reference/reasoning/gemma4_parser.py","7-8","Python","capability inventory","explicitly out of scope or native parity"
"hornsan1/jangq-private","5d5487c27fa81d9f51da27264ae855964e334070","jang-tools/jang_tools/reasoning/gptoss_parser.py","jang-tools","specialized/reference tooling","reference","Workers/jang-tools/Reference/reasoning/gptoss_parser.py","7-8","Python","capability inventory","explicitly out of scope or native parity"
"hornsan1/jangq-private","5d5487c27fa81d9f51da27264ae855964e334070","jang-tools/jang_tools/reasoning/minimax_m2_parser.py","jang-tools","specialized/reference tooling","reference","Workers/jang-tools/Reference/reasoning/minimax_m2_parser.py","7-8","Python","capability inventory","explicitly out of scope or native parity"
"hornsan1/jangq-private","5d5487c27fa81d9f51da27264ae855964e334070","jang-tools/jang_tools/reasoning/mistral_parser.py","jang-tools","specialized/reference tooling","reference","Workers/jang-tools/Reference/reasoning/mistral_parser.py","7-8","Python","capability inventory","explicitly out of scope or native parity"
"hornsan1/jangq-private","5d5487c27fa81d9f51da27264ae855964e334070","jang-tools/jang_tools/reasoning/qwen3_parser.py","jang-tools","specialized/reference tooling","reference","Workers/jang-tools/Reference/reasoning/qwen3_parser.py","7-8","Python","capability inventory","explicitly out of scope or native parity"
"hornsan1/jangq-private","5d5487c27fa81d9f51da27264ae855964e334070","jang-tools/jang_tools/reasoning/think_parser.py","jang-tools","specialized/reference tooling","reference","Workers/jang-tools/Reference/reasoning/think_parser.py","7-8","Python","capability inventory","explicitly out of scope or native parity"
"hornsan1/jangq-private","5d5487c27fa81d9f51da27264ae855964e334070","jang-tools/jang_tools/reasoning/think_xml_parser.py","jang-tools","specialized/reference tooling","reference","Workers/jang-tools/Reference/reasoning/think_xml_parser.py","7-8","Python","capability inventory","explicitly out of scope or native parity"
"hornsan1/jangq-private","5d5487c27fa81d9f51da27264ae855964e334070","jang-tools/jang_tools/step37/__init__.py","jang-tools","specialized/reference tooling","reference","Workers/jang-tools/Reference/step37/__init__.py","7-8","Python","capability inventory","explicitly out of scope or native parity"
"hornsan1/jangq-private","5d5487c27fa81d9f51da27264ae855964e334070","jang-tools/jang_tools/step37/convert_jang.py","jang-tools","JANG/JANGTQ conversion","wrap","Workers/jang-tools/jang_tools/step37/convert_jang.py","8","safetensors;numpy;MLX/Torch","worker JSONL cancel manifest artifact parity","native converter parity"
"hornsan1/jangq-private","5d5487c27fa81d9f51da27264ae855964e334070","jang-tools/jang_tools/step37/nvfp4_codec.py","jang-tools","JANG/JANGTQ conversion","wrap","Workers/jang-tools/jang_tools/step37/nvfp4_codec.py","8","safetensors;numpy;MLX/Torch","worker JSONL cancel manifest artifact parity","native converter parity"
"hornsan1/jangq-private","5d5487c27fa81d9f51da27264ae855964e334070","jang-tools/jang_tools/step37/step3p7_mlx.py","jang-tools","specialized/reference tooling","reference","Workers/jang-tools/Reference/step37/step3p7_mlx.py","7-8","Python","capability inventory","explicitly out of scope or native parity"
"hornsan1/jangq-private","5d5487c27fa81d9f51da27264ae855964e334070","jang-tools/jang_tools/turboquant/mpp_dense_kernel.py","jang-tools","JANG/JANGTQ conversion","wrap","Workers/jang-tools/jang_tools/turboquant/mpp_dense_kernel.py","8","safetensors;numpy;MLX/Torch","worker JSONL cancel manifest artifact parity","native converter parity"
"hornsan1/jangq-private","5d5487c27fa81d9f51da27264ae855964e334070","jang-tools/jang_tools/turboquant/mpp_nax_kernel.py","jang-tools","JANG/JANGTQ conversion","wrap","Workers/jang-tools/jang_tools/turboquant/mpp_nax_kernel.py","8","safetensors;numpy;MLX/Torch","worker JSONL cancel manifest artifact parity","native converter parity"
"hornsan1/jangq-private","5d5487c27fa81d9f51da27264ae855964e334070","jang-tools/jang_tools/zaya/__init__.py","jang-tools","specialized/reference tooling","reference","Workers/jang-tools/Reference/zaya/__init__.py","7-8","Python","capability inventory","explicitly out of scope or native parity"
"hornsan1/jangq-private","5d5487c27fa81d9f51da27264ae855964e334070","jang-tools/jang_tools/zaya/model.py","jang-tools","specialized/reference tooling","reference","Workers/jang-tools/Reference/zaya/model.py","7-8","Python","capability inventory","explicitly out of scope or native parity"
"hornsan1/jangq-private","5d5487c27fa81d9f51da27264ae855964e334070","jang-tools/jang_tools/zaya/runtime.py","jang-tools","duplicate Python inference/runtime","reference","Workers/jang-tools/jang_tools/zaya/runtime.py","8","Python MLX/Torch","vMLX output/load/serve parity","no product inference use and parity complete"
"hornsan1/jangq-private","5d5487c27fa81d9f51da27264ae855964e334070","jang-tools/jang_tools/zaya1_vl/__init__.py","jang-tools","specialized/reference tooling","reference","Workers/jang-tools/Reference/zaya1_vl/__init__.py","7-8","Python","capability inventory","explicitly out of scope or native parity"
"hornsan1/jangq-private","5d5487c27fa81d9f51da27264ae855964e334070","jang-tools/jang_tools/zaya1_vl/model.py","jang-tools","specialized/reference tooling","reference","Workers/jang-tools/Reference/zaya1_vl/model.py","7-8","Python","capability inventory","explicitly out of scope or native parity"
"hornsan1/jangq-private","5d5487c27fa81d9f51da27264ae855964e334070","jang-tools/jang_tools/zaya1_vl/runtime.py","jang-tools","duplicate Python inference/runtime","reference","Workers/jang-tools/jang_tools/zaya1_vl/runtime.py","8","Python MLX/Torch","vMLX output/load/serve parity","no product inference use and parity complete"
"hornsan1/jangq-private","5d5487c27fa81d9f51da27264ae855964e334070","jang-tools/pyproject.toml","jang-tools","worker packaging","wrap","Workers/jang-tools/pyproject.toml","8","Python 3.11+","worker environment/version tests","after all worker operations are native"
"hornsan1/jangq-private","5d5487c27fa81d9f51da27264ae855964e334070",".github/workflows/jang-studio.yml","JANG Studio CI/release","publishing","reference","Documentation/Reference/JANGStudio/jang-studio.yml","20","JANG Studio build","workflow and release-host redirect check","PR20 after canonical MLX Studio release proof"
"hornsan1/jangq-private","5d5487c27fa81d9f51da27264ae855964e334070","JANGStudio/JANGStudio.xcodeproj/project.pbxproj","JANG Studio application definition","legacy shell/packaging","reference","Documentation/Reference/JANGStudio/JANGStudio.xcodeproj/project.pbxproj","19-20","Xcode;codesign","installed-app feature and packaging parity","PR20 after canonical shell and release parity"
"hornsan1/jangq-private","5d5487c27fa81d9f51da27264ae855964e334070","JANGStudio/JANGStudio.xcodeproj/project.xcworkspace/contents.xcworkspacedata","JANG Studio application definition","legacy shell/packaging","reference","Documentation/Reference/JANGStudio/JANGStudio.xcodeproj/project.xcworkspace/contents.xcworkspacedata","19-20","Xcode;codesign","installed-app feature and packaging parity","PR20 after canonical shell and release parity"
"hornsan1/jangq-private","5d5487c27fa81d9f51da27264ae855964e334070","JANGStudio/JANGStudio.xcodeproj/xcshareddata/xcschemes/JANGStudio.xcscheme","JANG Studio application definition","legacy shell/packaging","reference","Documentation/Reference/JANGStudio/JANGStudio.xcodeproj/xcshareddata/xcschemes/JANGStudio.xcscheme","19-20","Xcode;codesign","installed-app feature and packaging parity","PR20 after canonical shell and release parity"
"hornsan1/jangq-private","5d5487c27fa81d9f51da27264ae855964e334070","JANGStudio/JANGStudio.xcodeproj/xcshareddata/xcschemes/JANGStudioUITests.xcscheme","JANG Studio application definition","legacy shell/packaging","reference","Documentation/Reference/JANGStudio/JANGStudio.xcodeproj/xcshareddata/xcschemes/JANGStudioUITests.xcscheme","19-20","Xcode;codesign","installed-app feature and packaging parity","PR20 after canonical shell and release parity"
"hornsan1/jangq-private","5d5487c27fa81d9f51da27264ae855964e334070","JANGStudio/JANGStudio/Resources/Info.plist","JANG Studio application definition","legacy shell/packaging","reference","Documentation/Reference/JANGStudio/JANGStudio/Resources/Info.plist","19-20","Xcode;codesign","installed-app feature and packaging parity","PR20 after canonical shell and release parity"
"hornsan1/jangq-private","5d5487c27fa81d9f51da27264ae855964e334070","JANGStudio/JANGStudio/Resources/JANGStudio.entitlements","JANG Studio application definition","legacy shell/packaging","reference","Documentation/Reference/JANGStudio/JANGStudio/Resources/JANGStudio.entitlements","19-20","Xcode;codesign","installed-app feature and packaging parity","PR20 after canonical shell and release parity"
"hornsan1/jangq-private","5d5487c27fa81d9f51da27264ae855964e334070","JANGStudio/Scripts/build-python-bundle.sh","JANG Studio release helper","worker packaging/publishing","reference","Documentation/Reference/JANGStudio/Scripts/build-python-bundle.sh","8-20","Python bundle;codesign/notary","canonical worker bundle and release dry run","PR20 after MLX Studio packaging parity"
"hornsan1/jangq-private","5d5487c27fa81d9f51da27264ae855964e334070","JANGStudio/Scripts/codesign-runtime.sh","JANG Studio release helper","worker packaging/publishing","reference","Documentation/Reference/JANGStudio/Scripts/codesign-runtime.sh","8-20","Python bundle;codesign/notary","canonical worker bundle and release dry run","PR20 after MLX Studio packaging parity"
"hornsan1/jangq-private","5d5487c27fa81d9f51da27264ae855964e334070","JANGStudio/Scripts/notarize.sh","JANG Studio release helper","worker packaging/publishing","reference","Documentation/Reference/JANGStudio/Scripts/notarize.sh","8-20","Python bundle;codesign/notary","canonical worker bundle and release dry run","PR20 after MLX Studio packaging parity"
"hornsan1/jangq-private","5d5487c27fa81d9f51da27264ae855964e334070","JANGStudio/project.yml","JANG Studio application definition","legacy shell/packaging","reference","Documentation/Reference/JANGStudio/project.yml","19-20","Xcode;codesign","installed-app feature and packaging parity","PR20 after canonical shell and release parity"
"hornsan1/jangq-private","5d5487c27fa81d9f51da27264ae855964e334070","jang-runtime/Metal/JANGAttention.metal","legacy JANG Metal sources","JANG kernels","move","Sources/JANGMetal/JANGAttention.metal","11","Metal;JANGCore","semantic/performance/error-path kernel parity","after canonical JANGMetal parity and manifest compatibility"
"hornsan1/jangq-private","5d5487c27fa81d9f51da27264ae855964e334070","jang-runtime/Metal/JANGCompute.metal","legacy JANG Metal sources","JANG kernels","move","Sources/JANGMetal/JANGCompute.metal","11","Metal;JANGCore","semantic/performance/error-path kernel parity","after canonical JANGMetal parity and manifest compatibility"
"hornsan1/jangq-private","5d5487c27fa81d9f51da27264ae855964e334070","jang-runtime/Metal/JANGDequant.metal","legacy JANG Metal sources","JANG kernels","move","Sources/JANGMetal/JANGDequant.metal","11","Metal;JANGCore","semantic/performance/error-path kernel parity","after canonical JANGMetal parity and manifest compatibility"
"hornsan1/jangq-private","5d5487c27fa81d9f51da27264ae855964e334070","jang-runtime/Metal/JANGEmbedding.metal","legacy JANG Metal sources","JANG kernels","move","Sources/JANGMetal/JANGEmbedding.metal","11","Metal;JANGCore","semantic/performance/error-path kernel parity","after canonical JANGMetal parity and manifest compatibility"
"hornsan1/jangq-private","5d5487c27fa81d9f51da27264ae855964e334070","jang-runtime/Package.resolved","JANG dependency lock","package graph","reference","Documentation/Reference/jang-runtime/Package.resolved","7","SwiftPM","dependency version audit","after canonical dependency lock is validated"
"hornsan1/jangq-private","5d5487c27fa81d9f51da27264ae855964e334070","jang-runtime/Package.swift","JANG Swift package","package graph","adapt","Package.swift","7","SwiftPM;MLX","swift package dump-package;build;test","after canonical targets reproduce graph and tests"
"hornsan1/jangq-private","5d5487c27fa81d9f51da27264ae855964e334070","jang-tools/MANIFEST.in","Python implementation","conversion/optimization worker","wrap","Workers/jang-tools/MANIFEST.in","8-18","Python 3.11+;structured JSONL protocol","manifest, semantic, performance, cancel, and error-path parity","after a native implementation passes all parity gates"
"hornsan1/jangq-private","5d5487c27fa81d9f51da27264ae855964e334070","jang-tools/_internal/jang_v3/__init__.py","Python implementation","conversion/optimization worker","wrap","Workers/jang-tools/_internal/jang_v3/__init__.py","8-18","Python 3.11+;structured JSONL protocol","manifest, semantic, performance, cancel, and error-path parity","after a native implementation passes all parity gates"
"hornsan1/jangq-private","5d5487c27fa81d9f51da27264ae855964e334070","jang-tools/_internal/jang_v3/budget_solver.py","Python implementation","conversion/optimization worker","wrap","Workers/jang-tools/_internal/jang_v3/budget_solver.py","8-18","Python 3.11+;structured JSONL protocol","manifest, semantic, performance, cancel, and error-path parity","after a native implementation passes all parity gates"
"hornsan1/jangq-private","5d5487c27fa81d9f51da27264ae855964e334070","jang-tools/_internal/jang_v3/encode.py","Python implementation","conversion/optimization worker","wrap","Workers/jang-tools/_internal/jang_v3/encode.py","8-18","Python 3.11+;structured JSONL protocol","manifest, semantic, performance, cancel, and error-path parity","after a native implementation passes all parity gates"
"hornsan1/jangq-private","5d5487c27fa81d9f51da27264ae855964e334070","jang-tools/jang_tools/__init__.py","Python implementation","conversion/optimization worker","wrap","Workers/jang-tools/jang_tools/__init__.py","8-18","Python 3.11+;structured JSONL protocol","manifest, semantic, performance, cancel, and error-path parity","after a native implementation passes all parity gates"
"hornsan1/jangq-private","5d5487c27fa81d9f51da27264ae855964e334070","jang-tools/jang_tools/__main__.py","Python implementation","conversion/optimization worker","wrap","Workers/jang-tools/jang_tools/__main__.py","8-18","Python 3.11+;structured JSONL protocol","manifest, semantic, performance, cancel, and error-path parity","after a native implementation passes all parity gates"
"hornsan1/jangq-private","5d5487c27fa81d9f51da27264ae855964e334070","jang-tools/jang_tools/_json_utils.py","Python implementation","conversion/optimization worker","wrap","Workers/jang-tools/jang_tools/_json_utils.py","8-18","Python 3.11+;structured JSONL protocol","manifest, semantic, performance, cancel, and error-path parity","after a native implementation passes all parity gates"
"hornsan1/jangq-private","5d5487c27fa81d9f51da27264ae855964e334070","jang-tools/jang_tools/allocate.py","Python implementation","conversion/optimization worker","wrap","Workers/jang-tools/jang_tools/allocate.py","8-18","Python 3.11+;structured JSONL protocol","manifest, semantic, performance, cancel, and error-path parity","after a native implementation passes all parity gates"
"hornsan1/jangq-private","5d5487c27fa81d9f51da27264ae855964e334070","jang-tools/jang_tools/architectures.py","Python implementation","conversion/optimization worker","wrap","Workers/jang-tools/jang_tools/architectures.py","8-18","Python 3.11+;structured JSONL protocol","manifest, semantic, performance, cancel, and error-path parity","after a native implementation passes all parity gates"
"hornsan1/jangq-private","5d5487c27fa81d9f51da27264ae855964e334070","jang-tools/jang_tools/awq.py","Python implementation","conversion/optimization worker","wrap","Workers/jang-tools/jang_tools/awq.py","8-18","Python 3.11+;structured JSONL protocol","manifest, semantic, performance, cancel, and error-path parity","after a native implementation passes all parity gates"
"hornsan1/jangq-private","5d5487c27fa81d9f51da27264ae855964e334070","jang-tools/jang_tools/awq_capture.py","Python implementation","conversion/optimization worker","wrap","Workers/jang-tools/jang_tools/awq_capture.py","8-18","Python 3.11+;structured JSONL protocol","manifest, semantic, performance, cancel, and error-path parity","after a native implementation passes all parity gates"
"hornsan1/jangq-private","5d5487c27fa81d9f51da27264ae855964e334070","jang-tools/jang_tools/awq_capture_fp8.py","Python implementation","conversion/optimization worker","wrap","Workers/jang-tools/jang_tools/awq_capture_fp8.py","8-18","Python 3.11+;structured JSONL protocol","manifest, semantic, performance, cancel, and error-path parity","after a native implementation passes all parity gates"
"hornsan1/jangq-private","5d5487c27fa81d9f51da27264ae855964e334070","jang-tools/jang_tools/awq_capture_minimax.py","Python implementation","conversion/optimization worker","wrap","Workers/jang-tools/jang_tools/awq_capture_minimax.py","8-18","Python 3.11+;structured JSONL protocol","manifest, semantic, performance, cancel, and error-path parity","after a native implementation passes all parity gates"
"hornsan1/jangq-private","5d5487c27fa81d9f51da27264ae855964e334070","jang-tools/jang_tools/awq_scales.py","Python implementation","conversion/optimization worker","wrap","Workers/jang-tools/jang_tools/awq_scales.py","8-18","Python 3.11+;structured JSONL protocol","manifest, semantic, performance, cancel, and error-path parity","after a native implementation passes all parity gates"
"hornsan1/jangq-private","5d5487c27fa81d9f51da27264ae855964e334070","jang-tools/jang_tools/benchmark.py","Python implementation","conversion/optimization worker","wrap","Workers/jang-tools/jang_tools/benchmark.py","8-18","Python 3.11+;structured JSONL protocol","manifest, semantic, performance, cancel, and error-path parity","after a native implementation passes all parity gates"
"hornsan1/jangq-private","5d5487c27fa81d9f51da27264ae855964e334070","jang-tools/jang_tools/build_jangtq_sidecar.py","Python implementation","conversion/optimization worker","wrap","Workers/jang-tools/jang_tools/build_jangtq_sidecar.py","8-18","Python 3.11+;structured JSONL protocol","manifest, semantic, performance, cancel, and error-path parity","after a native implementation passes all parity gates"
"hornsan1/jangq-private","5d5487c27fa81d9f51da27264ae855964e334070","jang-tools/jang_tools/build_n2_prune_map_from_router_trace.py","Python implementation","conversion/optimization worker","wrap","Workers/jang-tools/jang_tools/build_n2_prune_map_from_router_trace.py","8-18","Python 3.11+;structured JSONL protocol","manifest, semantic, performance, cancel, and error-path parity","after a native implementation passes all parity gates"
"hornsan1/jangq-private","5d5487c27fa81d9f51da27264ae855964e334070","jang-tools/jang_tools/build_nemotron_omni_addon.py","Python implementation","conversion/optimization worker","wrap","Workers/jang-tools/jang_tools/build_nemotron_omni_addon.py","8-18","Python 3.11+;structured JSONL protocol","manifest, semantic, performance, cancel, and error-path parity","after a native implementation passes all parity gates"
"hornsan1/jangq-private","5d5487c27fa81d9f51da27264ae855964e334070","jang-tools/jang_tools/calibrate.py","Python implementation","conversion/optimization worker","wrap","Workers/jang-tools/jang_tools/calibrate.py","8-18","Python 3.11+;structured JSONL protocol","manifest, semantic, performance, cancel, and error-path parity","after a native implementation passes all parity gates"
"hornsan1/jangq-private","5d5487c27fa81d9f51da27264ae855964e334070","jang-tools/jang_tools/capabilities.py","Python implementation","conversion/optimization worker","wrap","Workers/jang-tools/jang_tools/capabilities.py","8-18","Python 3.11+;structured JSONL protocol","manifest, semantic, performance, cancel, and error-path parity","after a native implementation passes all parity gates"
"hornsan1/jangq-private","5d5487c27fa81d9f51da27264ae855964e334070","jang-tools/jang_tools/capabilities_cli.py","Python implementation","conversion/optimization worker","wrap","Workers/jang-tools/jang_tools/capabilities_cli.py","8-18","Python 3.11+;structured JSONL protocol","manifest, semantic, performance, cancel, and error-path parity","after a native implementation passes all parity gates"
"hornsan1/jangq-private","5d5487c27fa81d9f51da27264ae855964e334070","jang-tools/jang_tools/chat_templates.py","Python implementation","conversion/optimization worker","wrap","Workers/jang-tools/jang_tools/chat_templates.py","8-18","Python 3.11+;structured JSONL protocol","manifest, semantic, performance, cancel, and error-path parity","after a native implementation passes all parity gates"
"hornsan1/jangq-private","5d5487c27fa81d9f51da27264ae855964e334070","jang-tools/jang_tools/codebook_vq.py","Python implementation","conversion/optimization worker","wrap","Workers/jang-tools/jang_tools/codebook_vq.py","8-18","Python 3.11+;structured JSONL protocol","manifest, semantic, performance, cancel, and error-path parity","after a native implementation passes all parity gates"
"hornsan1/jangq-private","5d5487c27fa81d9f51da27264ae855964e334070","jang-tools/jang_tools/convert.py","Python implementation","conversion/optimization worker","wrap","Workers/jang-tools/jang_tools/convert.py","8-18","Python 3.11+;structured JSONL protocol","manifest, semantic, performance, cancel, and error-path parity","after a native implementation passes all parity gates"
"hornsan1/jangq-private","5d5487c27fa81d9f51da27264ae855964e334070","jang-tools/jang_tools/convert_gemma4_jang.py","Python implementation","conversion/optimization worker","wrap","Workers/jang-tools/jang_tools/convert_gemma4_jang.py","8-18","Python 3.11+;structured JSONL protocol","manifest, semantic, performance, cancel, and error-path parity","after a native implementation passes all parity gates"
"hornsan1/jangq-private","5d5487c27fa81d9f51da27264ae855964e334070","jang-tools/jang_tools/convert_gemma4_mxfp.py","Python implementation","conversion/optimization worker","wrap","Workers/jang-tools/jang_tools/convert_gemma4_mxfp.py","8-18","Python 3.11+;structured JSONL protocol","manifest, semantic, performance, cancel, and error-path parity","after a native implementation passes all parity gates"
"hornsan1/jangq-private","5d5487c27fa81d9f51da27264ae855964e334070","jang-tools/jang_tools/convert_glm51_jangtq_2l.py","Python implementation","conversion/optimization worker","wrap","Workers/jang-tools/jang_tools/convert_glm51_jangtq_2l.py","8-18","Python 3.11+;structured JSONL protocol","manifest, semantic, performance, cancel, and error-path parity","after a native implementation passes all parity gates"
"hornsan1/jangq-private","5d5487c27fa81d9f51da27264ae855964e334070","jang-tools/jang_tools/convert_hy3_jangtq.py","Python implementation","conversion/optimization worker","wrap","Workers/jang-tools/jang_tools/convert_hy3_jangtq.py","8-18","Python 3.11+;structured JSONL protocol","manifest, semantic, performance, cancel, and error-path parity","after a native implementation passes all parity gates"
"hornsan1/jangq-private","5d5487c27fa81d9f51da27264ae855964e334070","jang-tools/jang_tools/convert_ling_jangtq.py","Python implementation","conversion/optimization worker","wrap","Workers/jang-tools/jang_tools/convert_ling_jangtq.py","8-18","Python 3.11+;structured JSONL protocol","manifest, semantic, performance, cancel, and error-path parity","after a native implementation passes all parity gates"
"hornsan1/jangq-private","5d5487c27fa81d9f51da27264ae855964e334070","jang-tools/jang_tools/convert_ling_mxfp4.py","Python implementation","conversion/optimization worker","wrap","Workers/jang-tools/jang_tools/convert_ling_mxfp4.py","8-18","Python 3.11+;structured JSONL protocol","manifest, semantic, performance, cancel, and error-path parity","after a native implementation passes all parity gates"
"hornsan1/jangq-private","5d5487c27fa81d9f51da27264ae855964e334070","jang-tools/jang_tools/convert_minimax_jang.py","Python implementation","conversion/optimization worker","wrap","Workers/jang-tools/jang_tools/convert_minimax_jang.py","8-18","Python 3.11+;structured JSONL protocol","manifest, semantic, performance, cancel, and error-path parity","after a native implementation passes all parity gates"
"hornsan1/jangq-private","5d5487c27fa81d9f51da27264ae855964e334070","jang-tools/jang_tools/convert_minimax_jangtq.py","Python implementation","conversion/optimization worker","wrap","Workers/jang-tools/jang_tools/convert_minimax_jangtq.py","8-18","Python 3.11+;structured JSONL protocol","manifest, semantic, performance, cancel, and error-path parity","after a native implementation passes all parity gates"
"hornsan1/jangq-private","5d5487c27fa81d9f51da27264ae855964e334070","jang-tools/jang_tools/convert_nemotron_jangtq.py","Python implementation","conversion/optimization worker","wrap","Workers/jang-tools/jang_tools/convert_nemotron_jangtq.py","8-18","Python 3.11+;structured JSONL protocol","manifest, semantic, performance, cancel, and error-path parity","after a native implementation passes all parity gates"
"hornsan1/jangq-private","5d5487c27fa81d9f51da27264ae855964e334070","jang-tools/jang_tools/convert_nemotron_mxfp4.py","Python implementation","conversion/optimization worker","wrap","Workers/jang-tools/jang_tools/convert_nemotron_mxfp4.py","8-18","Python 3.11+;structured JSONL protocol","manifest, semantic, performance, cancel, and error-path parity","after a native implementation passes all parity gates"
"hornsan1/jangq-private","5d5487c27fa81d9f51da27264ae855964e334070","jang-tools/jang_tools/convert_qwen35_jangtq.py","Python implementation","conversion/optimization worker","wrap","Workers/jang-tools/jang_tools/convert_qwen35_jangtq.py","8-18","Python 3.11+;structured JSONL protocol","manifest, semantic, performance, cancel, and error-path parity","after a native implementation passes all parity gates"
"hornsan1/jangq-private","5d5487c27fa81d9f51da27264ae855964e334070","jang-tools/jang_tools/convert_qwen35_mxfp4.py","Python implementation","conversion/optimization worker","wrap","Workers/jang-tools/jang_tools/convert_qwen35_mxfp4.py","8-18","Python 3.11+;structured JSONL protocol","manifest, semantic, performance, cancel, and error-path parity","after a native implementation passes all parity gates"
"hornsan1/jangq-private","5d5487c27fa81d9f51da27264ae855964e334070","jang-tools/jang_tools/convert_qwen35_mxfp8.py","Python implementation","conversion/optimization worker","wrap","Workers/jang-tools/jang_tools/convert_qwen35_mxfp8.py","8-18","Python 3.11+;structured JSONL protocol","manifest, semantic, performance, cancel, and error-path parity","after a native implementation passes all parity gates"
"hornsan1/jangq-private","5d5487c27fa81d9f51da27264ae855964e334070","jang-tools/jang_tools/convert_zaya1_vl_common.py","Python implementation","conversion/optimization worker","wrap","Workers/jang-tools/jang_tools/convert_zaya1_vl_common.py","8-18","Python 3.11+;structured JSONL protocol","manifest, semantic, performance, cancel, and error-path parity","after a native implementation passes all parity gates"
"hornsan1/jangq-private","5d5487c27fa81d9f51da27264ae855964e334070","jang-tools/jang_tools/convert_zaya1_vl_jangtq.py","Python implementation","conversion/optimization worker","wrap","Workers/jang-tools/jang_tools/convert_zaya1_vl_jangtq.py","8-18","Python 3.11+;structured JSONL protocol","manifest, semantic, performance, cancel, and error-path parity","after a native implementation passes all parity gates"
"hornsan1/jangq-private","5d5487c27fa81d9f51da27264ae855964e334070","jang-tools/jang_tools/convert_zaya1_vl_mxfp4.py","Python implementation","conversion/optimization worker","wrap","Workers/jang-tools/jang_tools/convert_zaya1_vl_mxfp4.py","8-18","Python 3.11+;structured JSONL protocol","manifest, semantic, performance, cancel, and error-path parity","after a native implementation passes all parity gates"
"hornsan1/jangq-private","5d5487c27fa81d9f51da27264ae855964e334070","jang-tools/jang_tools/convert_zaya_common.py","Python implementation","conversion/optimization worker","wrap","Workers/jang-tools/jang_tools/convert_zaya_common.py","8-18","Python 3.11+;structured JSONL protocol","manifest, semantic, performance, cancel, and error-path parity","after a native implementation passes all parity gates"
"hornsan1/jangq-private","5d5487c27fa81d9f51da27264ae855964e334070","jang-tools/jang_tools/convert_zaya_jangtq.py","Python implementation","conversion/optimization worker","wrap","Workers/jang-tools/jang_tools/convert_zaya_jangtq.py","8-18","Python 3.11+;structured JSONL protocol","manifest, semantic, performance, cancel, and error-path parity","after a native implementation passes all parity gates"
"hornsan1/jangq-private","5d5487c27fa81d9f51da27264ae855964e334070","jang-tools/jang_tools/convert_zaya_mxfp4.py","Python implementation","conversion/optimization worker","wrap","Workers/jang-tools/jang_tools/convert_zaya_mxfp4.py","8-18","Python 3.11+;structured JSONL protocol","manifest, semantic, performance, cancel, and error-path parity","after a native implementation passes all parity gates"
"hornsan1/jangq-private","5d5487c27fa81d9f51da27264ae855964e334070","jang-tools/jang_tools/estimate_model.py","Python implementation","conversion/optimization worker","wrap","Workers/jang-tools/jang_tools/estimate_model.py","8-18","Python 3.11+;structured JSONL protocol","manifest, semantic, performance, cancel, and error-path parity","after a native implementation passes all parity gates"
"hornsan1/jangq-private","5d5487c27fa81d9f51da27264ae855964e334070","jang-tools/jang_tools/examples.py","Python implementation","conversion/optimization worker","wrap","Workers/jang-tools/jang_tools/examples.py","8-18","Python 3.11+;structured JSONL protocol","manifest, semantic, performance, cancel, and error-path parity","after a native implementation passes all parity gates"
"hornsan1/jangq-private","5d5487c27fa81d9f51da27264ae855964e334070","jang-tools/jang_tools/expert_lab_vmlx.py","Python implementation","conversion/optimization worker","wrap","Workers/jang-tools/jang_tools/expert_lab_vmlx.py","8-18","Python 3.11+;structured JSONL protocol","manifest, semantic, performance, cancel, and error-path parity","after a native implementation passes all parity gates"
"hornsan1/jangq-private","5d5487c27fa81d9f51da27264ae855964e334070","jang-tools/jang_tools/fp8.py","Python implementation","conversion/optimization worker","wrap","Workers/jang-tools/jang_tools/fp8.py","8-18","Python 3.11+;structured JSONL protocol","manifest, semantic, performance, cancel, and error-path parity","after a native implementation passes all parity gates"
"hornsan1/jangq-private","5d5487c27fa81d9f51da27264ae855964e334070","jang-tools/jang_tools/gptq.py","Python implementation","conversion/optimization worker","wrap","Workers/jang-tools/jang_tools/gptq.py","8-18","Python 3.11+;structured JSONL protocol","manifest, semantic, performance, cancel, and error-path parity","after a native implementation passes all parity gates"
"hornsan1/jangq-private","5d5487c27fa81d9f51da27264ae855964e334070","jang-tools/jang_tools/inference.py","Python implementation","conversion/optimization worker","wrap","Workers/jang-tools/jang_tools/inference.py","8-18","Python 3.11+;structured JSONL protocol","manifest, semantic, performance, cancel, and error-path parity","after a native implementation passes all parity gates"
"hornsan1/jangq-private","5d5487c27fa81d9f51da27264ae855964e334070","jang-tools/jang_tools/inspect_source.py","Python implementation","conversion/optimization worker","wrap","Workers/jang-tools/jang_tools/inspect_source.py","8-18","Python 3.11+;structured JSONL protocol","manifest, semantic, performance, cancel, and error-path parity","after a native implementation passes all parity gates"
"hornsan1/jangq-private","5d5487c27fa81d9f51da27264ae855964e334070","jang-tools/jang_tools/jangtq_decode_profiler.py","Python implementation","conversion/optimization worker","wrap","Workers/jang-tools/jang_tools/jangtq_decode_profiler.py","8-18","Python 3.11+;structured JSONL protocol","manifest, semantic, performance, cancel, and error-path parity","after a native implementation passes all parity gates"
"hornsan1/jangq-private","5d5487c27fa81d9f51da27264ae855964e334070","jang-tools/jang_tools/load_jangtq.py","Python implementation","conversion/optimization worker","wrap","Workers/jang-tools/jang_tools/load_jangtq.py","8-18","Python 3.11+;structured JSONL protocol","manifest, semantic, performance, cancel, and error-path parity","after a native implementation passes all parity gates"
"hornsan1/jangq-private","5d5487c27fa81d9f51da27264ae855964e334070","jang-tools/jang_tools/load_jangtq_kimi_vlm.py","Python implementation","conversion/optimization worker","wrap","Workers/jang-tools/jang_tools/load_jangtq_kimi_vlm.py","8-18","Python 3.11+;structured JSONL protocol","manifest, semantic, performance, cancel, and error-path parity","after a native implementation passes all parity gates"
"hornsan1/jangq-private","5d5487c27fa81d9f51da27264ae855964e334070","jang-tools/jang_tools/load_jangtq_vlm.py","Python implementation","conversion/optimization worker","wrap","Workers/jang-tools/jang_tools/load_jangtq_vlm.py","8-18","Python 3.11+;structured JSONL protocol","manifest, semantic, performance, cancel, and error-path parity","after a native implementation passes all parity gates"
"hornsan1/jangq-private","5d5487c27fa81d9f51da27264ae855964e334070","jang-tools/jang_tools/loader.py","Python implementation","conversion/optimization worker","wrap","Workers/jang-tools/jang_tools/loader.py","8-18","Python 3.11+;structured JSONL protocol","manifest, semantic, performance, cancel, and error-path parity","after a native implementation passes all parity gates"
"hornsan1/jangq-private","5d5487c27fa81d9f51da27264ae855964e334070","jang-tools/jang_tools/mistral4_mlx.py","Python implementation","conversion/optimization worker","wrap","Workers/jang-tools/jang_tools/mistral4_mlx.py","8-18","Python 3.11+;structured JSONL protocol","manifest, semantic, performance, cancel, and error-path parity","after a native implementation passes all parity gates"
"hornsan1/jangq-private","5d5487c27fa81d9f51da27264ae855964e334070","jang-tools/jang_tools/modelcard.py","Python implementation","conversion/optimization worker","wrap","Workers/jang-tools/jang_tools/modelcard.py","8-18","Python 3.11+;structured JSONL protocol","manifest, semantic, performance, cancel, and error-path parity","after a native implementation passes all parity gates"
"hornsan1/jangq-private","5d5487c27fa81d9f51da27264ae855964e334070","jang-tools/jang_tools/nemotron_omni_chat.py","Python implementation","conversion/optimization worker","wrap","Workers/jang-tools/jang_tools/nemotron_omni_chat.py","8-18","Python 3.11+;structured JSONL protocol","manifest, semantic, performance, cancel, and error-path parity","after a native implementation passes all parity gates"
"hornsan1/jangq-private","5d5487c27fa81d9f51da27264ae855964e334070","jang-tools/jang_tools/nemotron_omni_session.py","Python implementation","conversion/optimization worker","wrap","Workers/jang-tools/jang_tools/nemotron_omni_session.py","8-18","Python 3.11+;structured JSONL protocol","manifest, semantic, performance, cancel, and error-path parity","after a native implementation passes all parity gates"
"hornsan1/jangq-private","5d5487c27fa81d9f51da27264ae855964e334070","jang-tools/jang_tools/pack.py","Python implementation","conversion/optimization worker","wrap","Workers/jang-tools/jang_tools/pack.py","8-18","Python 3.11+;structured JSONL protocol","manifest, semantic, performance, cancel, and error-path parity","after a native implementation passes all parity gates"
"hornsan1/jangq-private","5d5487c27fa81d9f51da27264ae855964e334070","jang-tools/jang_tools/pad_minimax_jangtq_experts.py","Python implementation","conversion/optimization worker","wrap","Workers/jang-tools/jang_tools/pad_minimax_jangtq_experts.py","8-18","Python 3.11+;structured JSONL protocol","manifest, semantic, performance, cancel, and error-path parity","after a native implementation passes all parity gates"
"hornsan1/jangq-private","5d5487c27fa81d9f51da27264ae855964e334070","jang-tools/jang_tools/prequant_prune_qwen_moe.py","Python implementation","conversion/optimization worker","wrap","Workers/jang-tools/jang_tools/prequant_prune_qwen_moe.py","8-18","Python 3.11+;structured JSONL protocol","manifest, semantic, performance, cancel, and error-path parity","after a native implementation passes all parity gates"
"hornsan1/jangq-private","5d5487c27fa81d9f51da27264ae855964e334070","jang-tools/jang_tools/profiles_cli.py","Python implementation","conversion/optimization worker","wrap","Workers/jang-tools/jang_tools/profiles_cli.py","8-18","Python 3.11+;structured JSONL protocol","manifest, semantic, performance, cancel, and error-path parity","after a native implementation passes all parity gates"
"hornsan1/jangq-private","5d5487c27fa81d9f51da27264ae855964e334070","jang-tools/jang_tools/progress.py","Python implementation","conversion/optimization worker","wrap","Workers/jang-tools/jang_tools/progress.py","8-18","Python 3.11+;structured JSONL protocol","manifest, semantic, performance, cancel, and error-path parity","after a native implementation passes all parity gates"
"hornsan1/jangq-private","5d5487c27fa81d9f51da27264ae855964e334070","jang-tools/jang_tools/prune_n2_jang_experts.py","Python implementation","conversion/optimization worker","wrap","Workers/jang-tools/jang_tools/prune_n2_jang_experts.py","8-18","Python 3.11+;structured JSONL protocol","manifest, semantic, performance, cancel, and error-path parity","after a native implementation passes all parity gates"
"hornsan1/jangq-private","5d5487c27fa81d9f51da27264ae855964e334070","jang-tools/jang_tools/publish.py","Python implementation","conversion/optimization worker","wrap","Workers/jang-tools/jang_tools/publish.py","8-18","Python 3.11+;structured JSONL protocol","manifest, semantic, performance, cancel, and error-path parity","after a native implementation passes all parity gates"
"hornsan1/jangq-private","5d5487c27fa81d9f51da27264ae855964e334070","jang-tools/jang_tools/quant_shape_inference.py","Python implementation","conversion/optimization worker","wrap","Workers/jang-tools/jang_tools/quant_shape_inference.py","8-18","Python 3.11+;structured JSONL protocol","manifest, semantic, performance, cancel, and error-path parity","after a native implementation passes all parity gates"
"hornsan1/jangq-private","5d5487c27fa81d9f51da27264ae855964e334070","jang-tools/jang_tools/quantize.py","Python implementation","conversion/optimization worker","wrap","Workers/jang-tools/jang_tools/quantize.py","8-18","Python 3.11+;structured JSONL protocol","manifest, semantic, performance, cancel, and error-path parity","after a native implementation passes all parity gates"
"hornsan1/jangq-private","5d5487c27fa81d9f51da27264ae855964e334070","jang-tools/jang_tools/rebundle_affine_stacked.py","Python implementation","conversion/optimization worker","wrap","Workers/jang-tools/jang_tools/rebundle_affine_stacked.py","8-18","Python 3.11+;structured JSONL protocol","manifest, semantic, performance, cancel, and error-path parity","after a native implementation passes all parity gates"
"hornsan1/jangq-private","5d5487c27fa81d9f51da27264ae855964e334070","jang-tools/jang_tools/rebundle_jangtq_stacked.py","Python implementation","conversion/optimization worker","wrap","Workers/jang-tools/jang_tools/rebundle_jangtq_stacked.py","8-18","Python 3.11+;structured JSONL protocol","manifest, semantic, performance, cancel, and error-path parity","after a native implementation passes all parity gates"
"hornsan1/jangq-private","5d5487c27fa81d9f51da27264ae855964e334070","jang-tools/jang_tools/recommend.py","Python implementation","conversion/optimization worker","wrap","Workers/jang-tools/jang_tools/recommend.py","8-18","Python 3.11+;structured JSONL protocol","manifest, semantic, performance, cancel, and error-path parity","after a native implementation passes all parity gates"
"hornsan1/jangq-private","5d5487c27fa81d9f51da27264ae855964e334070","jang-tools/jang_tools/routing_profile.py","Python implementation","conversion/optimization worker","wrap","Workers/jang-tools/jang_tools/routing_profile.py","8-18","Python 3.11+;structured JSONL protocol","manifest, semantic, performance, cancel, and error-path parity","after a native implementation passes all parity gates"
"hornsan1/jangq-private","5d5487c27fa81d9f51da27264ae855964e334070","jang-tools/jang_tools/scripts_test_qwen36.py","Python implementation","conversion/optimization worker","wrap","Workers/jang-tools/jang_tools/scripts_test_qwen36.py","8-18","Python 3.11+;structured JSONL protocol","manifest, semantic, performance, cancel, and error-path parity","after a native implementation passes all parity gates"
"hornsan1/jangq-private","5d5487c27fa81d9f51da27264ae855964e334070","jang-tools/jang_tools/ssm_layout.py","Python implementation","conversion/optimization worker","wrap","Workers/jang-tools/jang_tools/ssm_layout.py","8-18","Python 3.11+;structured JSONL protocol","manifest, semantic, performance, cancel, and error-path parity","after a native implementation passes all parity gates"
"hornsan1/jangq-private","5d5487c27fa81d9f51da27264ae855964e334070","jang-tools/jang_tools/templates/hf-snippet.md.jinja","Python worker template","publishing/model cards","move","Workers/jang-tools/jang_tools/templates/hf-snippet.md.jinja","8","Python worker package","golden template rendering;redaction","after native publishing parity"
"hornsan1/jangq-private","5d5487c27fa81d9f51da27264ae855964e334070","jang-tools/jang_tools/templates/model-card.md.jinja","Python worker template","publishing/model cards","move","Workers/jang-tools/jang_tools/templates/model-card.md.jinja","8","Python worker package","golden template rendering;redaction","after native publishing parity"
"hornsan1/jangq-private","5d5487c27fa81d9f51da27264ae855964e334070","jang-tools/jang_tools/templates/python-snippet.py.jinja","Python worker template","publishing/model cards","move","Workers/jang-tools/jang_tools/templates/python-snippet.py.jinja","8","Python worker package","golden template rendering;redaction","after native publishing parity"
"hornsan1/jangq-private","5d5487c27fa81d9f51da27264ae855964e334070","jang-tools/jang_tools/templates/server-snippet.sh.jinja","Python worker template","publishing/model cards","move","Workers/jang-tools/jang_tools/templates/server-snippet.sh.jinja","8","Python worker package","golden template rendering;redaction","after native publishing parity"
"hornsan1/jangq-private","5d5487c27fa81d9f51da27264ae855964e334070","jang-tools/jang_tools/templates/swift-snippet.swift.jinja","Python worker template","publishing/model cards","move","Workers/jang-tools/jang_tools/templates/swift-snippet.swift.jinja","8","Python worker package","golden template rendering;redaction","after native publishing parity"
"hornsan1/jangq-private","5d5487c27fa81d9f51da27264ae855964e334070","jang-tools/jang_tools/topk_override.py","Python implementation","conversion/optimization worker","wrap","Workers/jang-tools/jang_tools/topk_override.py","8-18","Python 3.11+;structured JSONL protocol","manifest, semantic, performance, cancel, and error-path parity","after a native implementation passes all parity gates"
"hornsan1/jangq-private","5d5487c27fa81d9f51da27264ae855964e334070","jang-tools/jang_tools/verify_capabilities.py","Python implementation","conversion/optimization worker","wrap","Workers/jang-tools/jang_tools/verify_capabilities.py","8-18","Python 3.11+;structured JSONL protocol","manifest, semantic, performance, cancel, and error-path parity","after a native implementation passes all parity gates"
"hornsan1/jangq-private","5d5487c27fa81d9f51da27264ae855964e334070","jang-tools/jang_tools/verify_jangtq_prestacked.py","Python implementation","conversion/optimization worker","wrap","Workers/jang-tools/jang_tools/verify_jangtq_prestacked.py","8-18","Python 3.11+;structured JSONL protocol","manifest, semantic, performance, cancel, and error-path parity","after a native implementation passes all parity gates"
"hornsan1/jangq-private","5d5487c27fa81d9f51da27264ae855964e334070","jang-tools/jang_tools/verify_minimax_jang.py","Python implementation","conversion/optimization worker","wrap","Workers/jang-tools/jang_tools/verify_minimax_jang.py","8-18","Python 3.11+;structured JSONL protocol","manifest, semantic, performance, cancel, and error-path parity","after a native implementation passes all parity gates"
"hornsan1/jangq-private","5d5487c27fa81d9f51da27264ae855964e334070","jang-tools/tests/__init__.py","Python test suite","worker regression","move","Workers/jang-tools/tests/__init__.py","8-18","Python worker package","pytest;structured-worker integration","after native ports have equivalent fixtures and gates"
"hornsan1/jangq-private","5d5487c27fa81d9f51da27264ae855964e334070","jang-tools/tests/jangspec/__init__.py","Python test suite","worker regression","move","Workers/jang-tools/tests/jangspec/__init__.py","8-18","Python worker package","pytest;structured-worker integration","after native ports have equivalent fixtures and gates"
"hornsan1/jangq-private","5d5487c27fa81d9f51da27264ae855964e334070","jang-tools/tests/jangspec/conftest.py","Python test suite","worker regression","move","Workers/jang-tools/tests/jangspec/conftest.py","8-18","Python worker package","pytest;structured-worker integration","after native ports have equivalent fixtures and gates"
"hornsan1/jangq-private","5d5487c27fa81d9f51da27264ae855964e334070","jang-tools/tests/mimo_v2_affine_codec_test.py","Python test suite","worker regression","move","Workers/jang-tools/tests/mimo_v2_affine_codec_test.py","8-18","Python worker package","pytest;structured-worker integration","after native ports have equivalent fixtures and gates"
"hornsan1/jangq-private","5d5487c27fa81d9f51da27264ae855964e334070","jang-tools/tests/mimo_v2_awq_fold_test.py","Python test suite","worker regression","move","Workers/jang-tools/tests/mimo_v2_awq_fold_test.py","8-18","Python worker package","pytest;structured-worker integration","after native ports have equivalent fixtures and gates"
"hornsan1/jangq-private","5d5487c27fa81d9f51da27264ae855964e334070","jang-tools/tests/mimo_v2_awq_qdq_test.py","Python test suite","worker regression","move","Workers/jang-tools/tests/mimo_v2_awq_qdq_test.py","8-18","Python worker package","pytest;structured-worker integration","after native ports have equivalent fixtures and gates"
"hornsan1/jangq-private","5d5487c27fa81d9f51da27264ae855964e334070","jang-tools/tests/mimo_v2_contract_test.py","Python test suite","worker regression","move","Workers/jang-tools/tests/mimo_v2_contract_test.py","8-18","Python worker package","pytest;structured-worker integration","after native ports have equivalent fixtures and gates"
"hornsan1/jangq-private","5d5487c27fa81d9f51da27264ae855964e334070","jang-tools/tests/mimo_v2_router_trace_test.py","Python test suite","worker regression","move","Workers/jang-tools/tests/mimo_v2_router_trace_test.py","8-18","Python worker package","pytest;structured-worker integration","after native ports have equivalent fixtures and gates"
"hornsan1/jangq-private","5d5487c27fa81d9f51da27264ae855964e334070","jang-tools/tests/n2_convert_override_reporting_test.py","Python test suite","worker regression","move","Workers/jang-tools/tests/n2_convert_override_reporting_test.py","8-18","Python worker package","pytest;structured-worker integration","after native ports have equivalent fixtures and gates"
"hornsan1/jangq-private","5d5487c27fa81d9f51da27264ae855964e334070","jang-tools/tests/n2_jang_expert_pruner_test.py","Python test suite","worker regression","move","Workers/jang-tools/tests/n2_jang_expert_pruner_test.py","8-18","Python worker package","pytest;structured-worker integration","after native ports have equivalent fixtures and gates"
"hornsan1/jangq-private","5d5487c27fa81d9f51da27264ae855964e334070","jang-tools/tests/n2_router_trace_prune_map_test.py","Python test suite","worker regression","move","Workers/jang-tools/tests/n2_router_trace_prune_map_test.py","8-18","Python worker package","pytest;structured-worker integration","after native ports have equivalent fixtures and gates"
"hornsan1/jangq-private","5d5487c27fa81d9f51da27264ae855964e334070","jang-tools/tests/prequant_prune_qwen_moe_test.py","Python test suite","worker regression","move","Workers/jang-tools/tests/prequant_prune_qwen_moe_test.py","8-18","Python worker package","pytest;structured-worker integration","after native ports have equivalent fixtures and gates"
"hornsan1/jangq-private","5d5487c27fa81d9f51da27264ae855964e334070","jang-tools/tests/qwen35_jangtq_converter_metadata_test.py","Python test suite","worker regression","move","Workers/jang-tools/tests/qwen35_jangtq_converter_metadata_test.py","8-18","Python worker package","pytest;structured-worker integration","after native ports have equivalent fixtures and gates"
"hornsan1/jangq-private","5d5487c27fa81d9f51da27264ae855964e334070","jang-tools/tests/test_allocate_mlp_asymmetry.py","Python test suite","worker regression","move","Workers/jang-tools/tests/test_allocate_mlp_asymmetry.py","8-18","Python worker package","pytest;structured-worker integration","after native ports have equivalent fixtures and gates"
"hornsan1/jangq-private","5d5487c27fa81d9f51da27264ae855964e334070","jang-tools/tests/test_build_jangtq_sidecar.py","Python test suite","worker regression","move","Workers/jang-tools/tests/test_build_jangtq_sidecar.py","8-18","Python worker package","pytest;structured-worker integration","after native ports have equivalent fixtures and gates"
"hornsan1/jangq-private","5d5487c27fa81d9f51da27264ae855964e334070","jang-tools/tests/test_capabilities_cli.py","Python test suite","worker regression","move","Workers/jang-tools/tests/test_capabilities_cli.py","8-18","Python worker package","pytest;structured-worker integration","after native ports have equivalent fixtures and gates"
"hornsan1/jangq-private","5d5487c27fa81d9f51da27264ae855964e334070","jang-tools/tests/test_capabilities_verify_directory.py","Python test suite","worker regression","move","Workers/jang-tools/tests/test_capabilities_verify_directory.py","8-18","Python worker package","pytest;structured-worker integration","after native ports have equivalent fixtures and gates"
"hornsan1/jangq-private","5d5487c27fa81d9f51da27264ae855964e334070","jang-tools/tests/test_cli_flags.py","Python test suite","worker regression","move","Workers/jang-tools/tests/test_cli_flags.py","8-18","Python worker package","pytest;structured-worker integration","after native ports have equivalent fixtures and gates"
"hornsan1/jangq-private","5d5487c27fa81d9f51da27264ae855964e334070","jang-tools/tests/test_convert_cleanup.py","Python test suite","worker regression","move","Workers/jang-tools/tests/test_convert_cleanup.py","8-18","Python worker package","pytest;structured-worker integration","after native ports have equivalent fixtures and gates"
"hornsan1/jangq-private","5d5487c27fa81d9f51da27264ae855964e334070","jang-tools/tests/test_convert_eos_fixes.py","Python test suite","worker regression","move","Workers/jang-tools/tests/test_convert_eos_fixes.py","8-18","Python worker package","pytest;structured-worker integration","after native ports have equivalent fixtures and gates"
"hornsan1/jangq-private","5d5487c27fa81d9f51da27264ae855964e334070","jang-tools/tests/test_convert_group_size.py","Python test suite","worker regression","move","Workers/jang-tools/tests/test_convert_group_size.py","8-18","Python worker package","pytest;structured-worker integration","after native ports have equivalent fixtures and gates"
"hornsan1/jangq-private","5d5487c27fa81d9f51da27264ae855964e334070","jang-tools/tests/test_convert_mtp_vl_contract.py","Python test suite","worker regression","move","Workers/jang-tools/tests/test_convert_mtp_vl_contract.py","8-18","Python worker package","pytest;structured-worker integration","after native ports have equivalent fixtures and gates"
"hornsan1/jangq-private","5d5487c27fa81d9f51da27264ae855964e334070","jang-tools/tests/test_convert_progress.py","Python test suite","worker regression","move","Workers/jang-tools/tests/test_convert_progress.py","8-18","Python worker package","pytest;structured-worker integration","after native ports have equivalent fixtures and gates"
"hornsan1/jangq-private","5d5487c27fa81d9f51da27264ae855964e334070","jang-tools/tests/test_dflash_drafter.py","Python test suite","worker regression","move","Workers/jang-tools/tests/test_dflash_drafter.py","8-18","Python worker package","pytest;structured-worker integration","after native ports have equivalent fixtures and gates"
"hornsan1/jangq-private","5d5487c27fa81d9f51da27264ae855964e334070","jang-tools/tests/test_dsv4_converter_contract.py","Python test suite","worker regression","move","Workers/jang-tools/tests/test_dsv4_converter_contract.py","8-18","Python worker package","pytest;structured-worker integration","after native ports have equivalent fixtures and gates"
"hornsan1/jangq-private","5d5487c27fa81d9f51da27264ae855964e334070","jang-tools/tests/test_dsv4_hc_sinkhorn.py","Python test suite","worker regression","move","Workers/jang-tools/tests/test_dsv4_hc_sinkhorn.py","8-18","Python worker package","pytest;structured-worker integration","after native ports have equivalent fixtures and gates"
"hornsan1/jangq-private","5d5487c27fa81d9f51da27264ae855964e334070","jang-tools/tests/test_dsv4_overlap_cache.py","Python test suite","worker regression","move","Workers/jang-tools/tests/test_dsv4_overlap_cache.py","8-18","Python worker package","pytest;structured-worker integration","after native ports have equivalent fixtures and gates"
"hornsan1/jangq-private","5d5487c27fa81d9f51da27264ae855964e334070","jang-tools/tests/test_dsv4_parity_tool_contract.py","Python test suite","worker regression","move","Workers/jang-tools/tests/test_dsv4_parity_tool_contract.py","8-18","Python worker package","pytest;structured-worker integration","after native ports have equivalent fixtures and gates"
"hornsan1/jangq-private","5d5487c27fa81d9f51da27264ae855964e334070","jang-tools/tests/test_dsv4_pool_quant_cache.py","Python test suite","worker regression","move","Workers/jang-tools/tests/test_dsv4_pool_quant_cache.py","8-18","Python worker package","pytest;structured-worker integration","after native ports have equivalent fixtures and gates"
"hornsan1/jangq-private","5d5487c27fa81d9f51da27264ae855964e334070","jang-tools/tests/test_dsv4_rope_reference.py","Python test suite","worker regression","move","Workers/jang-tools/tests/test_dsv4_rope_reference.py","8-18","Python worker package","pytest;structured-worker integration","after native ports have equivalent fixtures and gates"
"hornsan1/jangq-private","5d5487c27fa81d9f51da27264ae855964e334070","jang-tools/tests/test_estimate_model.py","Python test suite","worker regression","move","Workers/jang-tools/tests/test_estimate_model.py","8-18","Python worker package","pytest;structured-worker integration","after native ports have equivalent fixtures and gates"
"hornsan1/jangq-private","5d5487c27fa81d9f51da27264ae855964e334070","jang-tools/tests/test_examples.py","Python test suite","worker regression","move","Workers/jang-tools/tests/test_examples.py","8-18","Python worker package","pytest;structured-worker integration","after native ports have equivalent fixtures and gates"
"hornsan1/jangq-private","5d5487c27fa81d9f51da27264ae855964e334070","jang-tools/tests/test_exception_handling_invariant.py","Python test suite","worker regression","move","Workers/jang-tools/tests/test_exception_handling_invariant.py","8-18","Python worker package","pytest;structured-worker integration","after native ports have equivalent fixtures and gates"
"hornsan1/jangq-private","5d5487c27fa81d9f51da27264ae855964e334070","jang-tools/tests/test_expert_lab_vmlx.py","Python test suite","worker regression","move","Workers/jang-tools/tests/test_expert_lab_vmlx.py","8-18","Python worker package","pytest;structured-worker integration","after native ports have equivalent fixtures and gates"
"hornsan1/jangq-private","5d5487c27fa81d9f51da27264ae855964e334070","jang-tools/tests/test_fd_leak_pattern.py","Python test suite","worker regression","move","Workers/jang-tools/tests/test_fd_leak_pattern.py","8-18","Python worker package","pytest;structured-worker integration","after native ports have equivalent fixtures and gates"
"hornsan1/jangq-private","5d5487c27fa81d9f51da27264ae855964e334070","jang-tools/tests/test_format.py","Python test suite","worker regression","move","Workers/jang-tools/tests/test_format.py","8-18","Python worker package","pytest;structured-worker integration","after native ports have equivalent fixtures and gates"
"hornsan1/jangq-private","5d5487c27fa81d9f51da27264ae855964e334070","jang-tools/tests/test_hy3_capabilities.py","Python test suite","worker regression","move","Workers/jang-tools/tests/test_hy3_capabilities.py","8-18","Python worker package","pytest;structured-worker integration","after native ports have equivalent fixtures and gates"
"hornsan1/jangq-private","5d5487c27fa81d9f51da27264ae855964e334070","jang-tools/tests/test_hy3_jangtq1_profile_contract.py","Python test suite","worker regression","move","Workers/jang-tools/tests/test_hy3_jangtq1_profile_contract.py","8-18","Python worker package","pytest;structured-worker integration","after native ports have equivalent fixtures and gates"
"hornsan1/jangq-private","5d5487c27fa81d9f51da27264ae855964e334070","jang-tools/tests/test_inference.py","Python test suite","worker regression","move","Workers/jang-tools/tests/test_inference.py","8-18","Python worker package","pytest;structured-worker integration","after native ports have equivalent fixtures and gates"
"hornsan1/jangq-private","5d5487c27fa81d9f51da27264ae855964e334070","jang-tools/tests/test_inspect_source.py","Python test suite","worker regression","move","Workers/jang-tools/tests/test_inspect_source.py","8-18","Python worker package","pytest;structured-worker integration","after native ports have equivalent fixtures and gates"
"hornsan1/jangq-private","5d5487c27fa81d9f51da27264ae855964e334070","jang-tools/tests/test_jang_v3_dsv4_contract.py","Python test suite","worker regression","move","Workers/jang-tools/tests/test_jang_v3_dsv4_contract.py","8-18","Python worker package","pytest;structured-worker integration","after native ports have equivalent fixtures and gates"
"hornsan1/jangq-private","5d5487c27fa81d9f51da27264ae855964e334070","jang-tools/tests/test_jangtq_converter_profile_parity.py","Python test suite","worker regression","move","Workers/jang-tools/tests/test_jangtq_converter_profile_parity.py","8-18","Python worker package","pytest;structured-worker integration","after native ports have equivalent fixtures and gates"
"hornsan1/jangq-private","5d5487c27fa81d9f51da27264ae855964e334070","jang-tools/tests/test_jangtq_decode_profiler.py","Python test suite","worker regression","move","Workers/jang-tools/tests/test_jangtq_decode_profiler.py","8-18","Python worker package","pytest;structured-worker integration","after native ports have equivalent fixtures and gates"
"hornsan1/jangq-private","5d5487c27fa81d9f51da27264ae855964e334070","jang-tools/tests/test_jangtq_hydrate.py","Python test suite","worker regression","move","Workers/jang-tools/tests/test_jangtq_hydrate.py","8-18","Python worker package","pytest;structured-worker integration","after native ports have equivalent fixtures and gates"
"hornsan1/jangq-private","5d5487c27fa81d9f51da27264ae855964e334070","jang-tools/tests/test_jangtq_progress.py","Python test suite","worker regression","move","Workers/jang-tools/tests/test_jangtq_progress.py","8-18","Python worker package","pytest;structured-worker integration","after native ports have equivalent fixtures and gates"
"hornsan1/jangq-private","5d5487c27fa81d9f51da27264ae855964e334070","jang-tools/tests/test_jangtq_switchglu_mandatory.py","Python test suite","worker regression","move","Workers/jang-tools/tests/test_jangtq_switchglu_mandatory.py","8-18","Python worker package","pytest;structured-worker integration","after native ports have equivalent fixtures and gates"
"hornsan1/jangq-private","5d5487c27fa81d9f51da27264ae855964e334070","jang-tools/tests/test_json_utils.py","Python test suite","worker regression","move","Workers/jang-tools/tests/test_json_utils.py","8-18","Python worker package","pytest;structured-worker integration","after native ports have equivalent fixtures and gates"
"hornsan1/jangq-private","5d5487c27fa81d9f51da27264ae855964e334070","jang-tools/tests/test_kimi_converter_contract.py","Python test suite","worker regression","move","Workers/jang-tools/tests/test_kimi_converter_contract.py","8-18","Python worker package","pytest;structured-worker integration","after native ports have equivalent fixtures and gates"
"hornsan1/jangq-private","5d5487c27fa81d9f51da27264ae855964e334070","jang-tools/tests/test_laguna_jangtq_split.py","Python test suite","worker regression","move","Workers/jang-tools/tests/test_laguna_jangtq_split.py","8-18","Python worker package","pytest;structured-worker integration","after native ports have equivalent fixtures and gates"
"hornsan1/jangq-private","5d5487c27fa81d9f51da27264ae855964e334070","jang-tools/tests/test_load_jangtq_vlm_mimo.py","Python test suite","worker regression","move","Workers/jang-tools/tests/test_load_jangtq_vlm_mimo.py","8-18","Python worker package","pytest;structured-worker integration","after native ports have equivalent fixtures and gates"
"hornsan1/jangq-private","5d5487c27fa81d9f51da27264ae855964e334070","jang-tools/tests/test_load_jangtq_vlm_video_fallback.py","Python test suite","worker regression","move","Workers/jang-tools/tests/test_load_jangtq_vlm_video_fallback.py","8-18","Python worker package","pytest;structured-worker integration","after native ports have equivalent fixtures and gates"
"hornsan1/jangq-private","5d5487c27fa81d9f51da27264ae855964e334070","jang-tools/tests/test_loader_config_read_diagnostics.py","Python test suite","worker regression","move","Workers/jang-tools/tests/test_loader_config_read_diagnostics.py","8-18","Python worker package","pytest;structured-worker integration","after native ports have equivalent fixtures and gates"
"hornsan1/jangq-private","5d5487c27fa81d9f51da27264ae855964e334070","jang-tools/tests/test_loader_entrypoint_parity.py","Python test suite","worker regression","move","Workers/jang-tools/tests/test_loader_entrypoint_parity.py","8-18","Python worker package","pytest;structured-worker integration","after native ports have equivalent fixtures and gates"
"hornsan1/jangq-private","5d5487c27fa81d9f51da27264ae855964e334070","jang-tools/tests/test_loader_mxfp4_mode.py","Python test suite","worker regression","move","Workers/jang-tools/tests/test_loader_mxfp4_mode.py","8-18","Python worker package","pytest;structured-worker integration","after native ports have equivalent fixtures and gates"
"hornsan1/jangq-private","5d5487c27fa81d9f51da27264ae855964e334070","jang-tools/tests/test_mimo_v2_metadata_truth.py","Python test suite","worker regression","move","Workers/jang-tools/tests/test_mimo_v2_metadata_truth.py","8-18","Python worker package","pytest;structured-worker integration","after native ports have equivalent fixtures and gates"
"hornsan1/jangq-private","5d5487c27fa81d9f51da27264ae855964e334070","jang-tools/tests/test_mimo_v2_mlx_runtime.py","Python test suite","worker regression","move","Workers/jang-tools/tests/test_mimo_v2_mlx_runtime.py","8-18","Python worker package","pytest;structured-worker integration","after native ports have equivalent fixtures and gates"
"hornsan1/jangq-private","5d5487c27fa81d9f51da27264ae855964e334070","jang-tools/tests/test_modelcard.py","Python test suite","worker regression","move","Workers/jang-tools/tests/test_modelcard.py","8-18","Python worker package","pytest;structured-worker integration","after native ports have equivalent fixtures and gates"
"hornsan1/jangq-private","5d5487c27fa81d9f51da27264ae855964e334070","jang-tools/tests/test_mtp_inspector.py","Python test suite","worker regression","move","Workers/jang-tools/tests/test_mtp_inspector.py","8-18","Python worker package","pytest;structured-worker integration","after native ports have equivalent fixtures and gates"
"hornsan1/jangq-private","5d5487c27fa81d9f51da27264ae855964e334070","jang-tools/tests/test_nemotron_omni_loader.py","Python test suite","worker regression","move","Workers/jang-tools/tests/test_nemotron_omni_loader.py","8-18","Python worker package","pytest;structured-worker integration","after native ports have equivalent fixtures and gates"
"hornsan1/jangq-private","5d5487c27fa81d9f51da27264ae855964e334070","jang-tools/tests/test_pack.py","Python test suite","worker regression","move","Workers/jang-tools/tests/test_pack.py","8-18","Python worker package","pytest;structured-worker integration","after native ports have equivalent fixtures and gates"
"hornsan1/jangq-private","5d5487c27fa81d9f51da27264ae855964e334070","jang-tools/tests/test_prequant_prune_qwen_moe.py","Python test suite","worker regression","move","Workers/jang-tools/tests/test_prequant_prune_qwen_moe.py","8-18","Python worker package","pytest;structured-worker integration","after native ports have equivalent fixtures and gates"
"hornsan1/jangq-private","5d5487c27fa81d9f51da27264ae855964e334070","jang-tools/tests/test_profiles_cli.py","Python test suite","worker regression","move","Workers/jang-tools/tests/test_profiles_cli.py","8-18","Python worker package","pytest;structured-worker integration","after native ports have equivalent fixtures and gates"
"hornsan1/jangq-private","5d5487c27fa81d9f51da27264ae855964e334070","jang-tools/tests/test_progress.py","Python test suite","worker regression","move","Workers/jang-tools/tests/test_progress.py","8-18","Python worker package","pytest;structured-worker integration","after native ports have equivalent fixtures and gates"
"hornsan1/jangq-private","5d5487c27fa81d9f51da27264ae855964e334070","jang-tools/tests/test_publish.py","Python test suite","worker regression","move","Workers/jang-tools/tests/test_publish.py","8-18","Python worker package","pytest;structured-worker integration","after native ports have equivalent fixtures and gates"
"hornsan1/jangq-private","5d5487c27fa81d9f51da27264ae855964e334070","jang-tools/tests/test_quantize.py","Python test suite","worker regression","move","Workers/jang-tools/tests/test_quantize.py","8-18","Python worker package","pytest;structured-worker integration","after native ports have equivalent fixtures and gates"
"hornsan1/jangq-private","5d5487c27fa81d9f51da27264ae855964e334070","jang-tools/tests/test_qwen35_jangtq_review_runtime_resilience.py","Python test suite","worker regression","move","Workers/jang-tools/tests/test_qwen35_jangtq_review_runtime_resilience.py","8-18","Python worker package","pytest;structured-worker integration","after native ports have equivalent fixtures and gates"
"hornsan1/jangq-private","5d5487c27fa81d9f51da27264ae855964e334070","jang-tools/tests/test_recommend.py","Python test suite","worker regression","move","Workers/jang-tools/tests/test_recommend.py","8-18","Python worker package","pytest;structured-worker integration","after native ports have equivalent fixtures and gates"
"hornsan1/jangq-private","5d5487c27fa81d9f51da27264ae855964e334070","jang-tools/tests/test_resolve_modality.py","Python test suite","worker regression","move","Workers/jang-tools/tests/test_resolve_modality.py","8-18","Python worker package","pytest;structured-worker integration","after native ports have equivalent fixtures and gates"
"hornsan1/jangq-private","5d5487c27fa81d9f51da27264ae855964e334070","jang-tools/tests/test_runtime_dependency_floors.py","Python test suite","worker regression","move","Workers/jang-tools/tests/test_runtime_dependency_floors.py","8-18","Python worker package","pytest;structured-worker integration","after native ports have equivalent fixtures and gates"
"hornsan1/jangq-private","5d5487c27fa81d9f51da27264ae855964e334070","jang-tools/tests/test_topk_override.py","Python test suite","worker regression","move","Workers/jang-tools/tests/test_topk_override.py","8-18","Python worker package","pytest;structured-worker integration","after native ports have equivalent fixtures and gates"
"hornsan1/jangq-private","5d5487c27fa81d9f51da27264ae855964e334070","jang-tools/tests/test_turboquant_attention.py","Python test suite","worker regression","move","Workers/jang-tools/tests/test_turboquant_attention.py","8-18","Python worker package","pytest;structured-worker integration","after native ports have equivalent fixtures and gates"
"hornsan1/jangq-private","5d5487c27fa81d9f51da27264ae855964e334070","jang-tools/tests/test_turboquant_cache.py","Python test suite","worker regression","move","Workers/jang-tools/tests/test_turboquant_cache.py","8-18","Python worker package","pytest;structured-worker integration","after native ports have equivalent fixtures and gates"
"hornsan1/jangq-private","5d5487c27fa81d9f51da27264ae855964e334070","jang-tools/tests/test_turboquant_codebook.py","Python test suite","worker regression","move","Workers/jang-tools/tests/test_turboquant_codebook.py","8-18","Python worker package","pytest;structured-worker integration","after native ports have equivalent fixtures and gates"
"hornsan1/jangq-private","5d5487c27fa81d9f51da27264ae855964e334070","jang-tools/tests/test_turboquant_config.py","Python test suite","worker regression","move","Workers/jang-tools/tests/test_turboquant_config.py","8-18","Python worker package","pytest;structured-worker integration","after native ports have equivalent fixtures and gates"
"hornsan1/jangq-private","5d5487c27fa81d9f51da27264ae855964e334070","jang-tools/tests/test_turboquant_generate.py","Python test suite","worker regression","move","Workers/jang-tools/tests/test_turboquant_generate.py","8-18","Python worker package","pytest;structured-worker integration","after native ports have equivalent fixtures and gates"
"hornsan1/jangq-private","5d5487c27fa81d9f51da27264ae855964e334070","jang-tools/tests/test_turboquant_linear.py","Python test suite","worker regression","move","Workers/jang-tools/tests/test_turboquant_linear.py","8-18","Python worker package","pytest;structured-worker integration","after native ports have equivalent fixtures and gates"
"hornsan1/jangq-private","5d5487c27fa81d9f51da27264ae855964e334070","jang-tools/tests/test_turboquant_mpp_dense_kernel.py","Python test suite","worker regression","move","Workers/jang-tools/tests/test_turboquant_mpp_dense_kernel.py","8-18","Python worker package","pytest;structured-worker integration","after native ports have equivalent fixtures and gates"
"hornsan1/jangq-private","5d5487c27fa81d9f51da27264ae855964e334070","jang-tools/tests/test_turboquant_mpp_nax_kernel.py","Python test suite","worker regression","move","Workers/jang-tools/tests/test_turboquant_mpp_nax_kernel.py","8-18","Python worker package","pytest;structured-worker integration","after native ports have equivalent fixtures and gates"
"hornsan1/jangq-private","5d5487c27fa81d9f51da27264ae855964e334070","jang-tools/tests/test_turboquant_pipeline.py","Python test suite","worker regression","move","Workers/jang-tools/tests/test_turboquant_pipeline.py","8-18","Python worker package","pytest;structured-worker integration","after native ports have equivalent fixtures and gates"
"hornsan1/jangq-private","5d5487c27fa81d9f51da27264ae855964e334070","jang-tools/tests/test_turboquant_qjl.py","Python test suite","worker regression","move","Workers/jang-tools/tests/test_turboquant_qjl.py","8-18","Python worker package","pytest;structured-worker integration","after native ports have equivalent fixtures and gates"
"hornsan1/jangq-private","5d5487c27fa81d9f51da27264ae855964e334070","jang-tools/tests/test_turboquant_rotation.py","Python test suite","worker regression","move","Workers/jang-tools/tests/test_turboquant_rotation.py","8-18","Python worker package","pytest;structured-worker integration","after native ports have equivalent fixtures and gates"
"hornsan1/jangq-private","5d5487c27fa81d9f51da27264ae855964e334070","jang-tools/tests/test_validate_jangtq.py","Python test suite","worker regression","move","Workers/jang-tools/tests/test_validate_jangtq.py","8-18","Python worker package","pytest;structured-worker integration","after native ports have equivalent fixtures and gates"
"hornsan1/jangq-private","5d5487c27fa81d9f51da27264ae855964e334070","jang-tools/tests/test_vmlx_runtime_capabilities.py","Python test suite","worker regression","move","Workers/jang-tools/tests/test_vmlx_runtime_capabilities.py","8-18","Python worker package","pytest;structured-worker integration","after native ports have equivalent fixtures and gates"
"hornsan1/jangq-private","5d5487c27fa81d9f51da27264ae855964e334070","jang-tools/tests/test_writer.py","Python test suite","worker regression","move","Workers/jang-tools/tests/test_writer.py","8-18","Python worker package","pytest;structured-worker integration","after native ports have equivalent fixtures and gates"
"hornsan1/jangq-private","5d5487c27fa81d9f51da27264ae855964e334070","jang-tools/tests/test_zaya1_vl_jangtq_loader.py","Python test suite","worker regression","move","Workers/jang-tools/tests/test_zaya1_vl_jangtq_loader.py","8-18","Python worker package","pytest;structured-worker integration","after native ports have equivalent fixtures and gates"
"hornsan1/jangq-private","5d5487c27fa81d9f51da27264ae855964e334070","jang-tools/tests/test_zaya_capabilities.py","Python test suite","worker regression","move","Workers/jang-tools/tests/test_zaya_capabilities.py","8-18","Python worker package","pytest;structured-worker integration","after native ports have equivalent fixtures and gates"
"hornsan1/jangq-private","5d5487c27fa81d9f51da27264ae855964e334070","jang-runtime/Metal/jang.metallib","generated Metal artifact","JANG kernels","reference","-","11","Metal build","rebuild and checksum test","do not migrate binary; regenerate from reviewed source"
"hornsan1/jangq-private","5d5487c27fa81d9f51da27264ae855964e334070","JANGStudio/Tests/**/Fixtures/**","test fixture group","JANG Studio verification fixtures","reference","Documentation/Reference/JANGStudio/Fixtures/**","8-20","JANG Studio tests","fixture count and parity audit","after equivalent canonical fixtures exist"
"hornsan1/jangq-private","5d5487c27fa81d9f51da27264ae855964e334070","JANGStudio/demos/**;assets/**","inert demo/asset group","legacy shell assets","reference","Documentation/Reference/JANGStudio/Assets/**","20","JANG Studio shell","grouped file-count audit","PR20 after redirect and archival"
"hornsan1/jangq-private","5d5487c27fa81d9f51da27264ae855964e334070","jang-tools/tests/fixtures/**","Python fixture group","worker regression fixtures","move","Workers/jang-tools/tests/fixtures/**","8","pytest","fixture count and worker test audit","after native tests have equivalent fixtures"
"hornsan1/mlx-studio-beta","1d9efb000a2b87a53fad08273f91317fdcc31196","Sources/vMLXApp/vMLXApp.swift","vMLXApp","application shell","adapt","Sources/vMLXApp/vMLXApp.swift","2-19","application services","installed-app navigation/state tests","never for canonical shell; retire only superseded UI state"
"hornsan1/mlx-studio-beta","1d9efb000a2b87a53fad08273f91317fdcc31196","Sources/vMLXCLI/main.swift","vmlx executable","CLI/server entry point","keep","Sources/vMLXCLI/main.swift","5","vMLXEngine;vMLXServer","CLI load/generate/serve smoke","never while CLI is supported"
"hornsan1/mlx-studio-beta","1d9efb000a2b87a53fad08273f91317fdcc31196","Sources/vMLXEngine/CapabilityDetector.swift","vMLXEngine","vMLX inference/runtime","keep","Sources/vMLXEngine/CapabilityDetector.swift","5","MLXStudioDomain;vMLX model targets","runtime unit, real-artifact, and installed-app tests","never; canonical runtime"
"hornsan1/mlx-studio-beta","1d9efb000a2b87a53fad08273f91317fdcc31196","Sources/vMLXEngine/ChatRequest.swift","vMLXEngine","vMLX inference/runtime","keep","Sources/vMLXEngine/ChatRequest.swift","5","MLXStudioDomain;vMLX model targets","runtime unit, real-artifact, and installed-app tests","never; canonical runtime"
"hornsan1/mlx-studio-beta","1d9efb000a2b87a53fad08273f91317fdcc31196","Sources/vMLXEngine/DebugBundle.swift","vMLXEngine","vMLX inference/runtime","keep","Sources/vMLXEngine/DebugBundle.swift","5","MLXStudioDomain;vMLX model targets","runtime unit, real-artifact, and installed-app tests","never; canonical runtime"
"hornsan1/mlx-studio-beta","1d9efb000a2b87a53fad08273f91317fdcc31196","Sources/vMLXEngine/DownloadManager.swift","vMLXEngine","vMLX inference/runtime","keep","Sources/vMLXEngine/DownloadManager.swift","5","MLXStudioDomain;vMLX model targets","runtime unit, real-artifact, and installed-app tests","never; canonical runtime"
"hornsan1/mlx-studio-beta","1d9efb000a2b87a53fad08273f91317fdcc31196","Sources/vMLXEngine/Engine.swift","vMLXEngine","vMLX inference/runtime","keep","Sources/vMLXEngine/Engine.swift","5","MLXStudioDomain;vMLX model targets","runtime unit, real-artifact, and installed-app tests","never; canonical runtime"
"hornsan1/mlx-studio-beta","1d9efb000a2b87a53fad08273f91317fdcc31196","Sources/vMLXEngine/EngineAdapters.swift","vMLXEngine","vMLX inference/runtime","keep","Sources/vMLXEngine/EngineAdapters.swift","5","MLXStudioDomain;vMLX model targets","runtime unit, real-artifact, and installed-app tests","never; canonical runtime"
"hornsan1/mlx-studio-beta","1d9efb000a2b87a53fad08273f91317fdcc31196","Sources/vMLXEngine/EngineDFlash.swift","vMLXEngine","vMLX inference/runtime","keep","Sources/vMLXEngine/EngineDFlash.swift","5","MLXStudioDomain;vMLX model targets","runtime unit, real-artifact, and installed-app tests","never; canonical runtime"
"hornsan1/mlx-studio-beta","1d9efb000a2b87a53fad08273f91317fdcc31196","Sources/vMLXEngine/EngineFlashMoE.swift","vMLXEngine","vMLX inference/runtime","keep","Sources/vMLXEngine/EngineFlashMoE.swift","5","MLXStudioDomain;vMLX model targets","runtime unit, real-artifact, and installed-app tests","never; canonical runtime"
"hornsan1/mlx-studio-beta","1d9efb000a2b87a53fad08273f91317fdcc31196","Sources/vMLXEngine/EngineState.swift","vMLXEngine","vMLX inference/runtime","keep","Sources/vMLXEngine/EngineState.swift","5","MLXStudioDomain;vMLX model targets","runtime unit, real-artifact, and installed-app tests","never; canonical runtime"
"hornsan1/mlx-studio-beta","1d9efb000a2b87a53fad08273f91317fdcc31196","Sources/vMLXEngine/EngineTTS.swift","vMLXEngine","vMLX inference/runtime","keep","Sources/vMLXEngine/EngineTTS.swift","5","MLXStudioDomain;vMLX model targets","runtime unit, real-artifact, and installed-app tests","never; canonical runtime"
"hornsan1/mlx-studio-beta","1d9efb000a2b87a53fad08273f91317fdcc31196","Sources/vMLXEngine/EngineTokenize.swift","vMLXEngine","vMLX inference/runtime","keep","Sources/vMLXEngine/EngineTokenize.swift","5","MLXStudioDomain;vMLX model targets","runtime unit, real-artifact, and installed-app tests","never; canonical runtime"
"hornsan1/mlx-studio-beta","1d9efb000a2b87a53fad08273f91317fdcc31196","Sources/vMLXEngine/EngineTranscribe.swift","vMLXEngine","vMLX inference/runtime","keep","Sources/vMLXEngine/EngineTranscribe.swift","5","MLXStudioDomain;vMLX model targets","runtime unit, real-artifact, and installed-app tests","never; canonical runtime"
"hornsan1/mlx-studio-beta","1d9efb000a2b87a53fad08273f91317fdcc31196","Sources/vMLXEngine/FIMTruncator.swift","vMLXEngine","vMLX inference/runtime","keep","Sources/vMLXEngine/FIMTruncator.swift","5","MLXStudioDomain;vMLX model targets","runtime unit, real-artifact, and installed-app tests","never; canonical runtime"
"hornsan1/mlx-studio-beta","1d9efb000a2b87a53fad08273f91317fdcc31196","Sources/vMLXEngine/FamilySamplingDefaults.swift","vMLXEngine","vMLX inference/runtime","keep","Sources/vMLXEngine/FamilySamplingDefaults.swift","5","MLXStudioDomain;vMLX model targets","runtime unit, real-artifact, and installed-app tests","never; canonical runtime"
"hornsan1/mlx-studio-beta","1d9efb000a2b87a53fad08273f91317fdcc31196","Sources/vMLXEngine/FluxBackend.swift","vMLXEngine","vMLX inference/runtime","keep","Sources/vMLXEngine/FluxBackend.swift","5","MLXStudioDomain;vMLX model targets","runtime unit, real-artifact, and installed-app tests","never; canonical runtime"
"hornsan1/mlx-studio-beta","1d9efb000a2b87a53fad08273f91317fdcc31196","Sources/vMLXEngine/GenerationLock.swift","vMLXEngine","vMLX inference/runtime","keep","Sources/vMLXEngine/GenerationLock.swift","5","MLXStudioDomain;vMLX model targets","runtime unit, real-artifact, and installed-app tests","never; canonical runtime"
"hornsan1/mlx-studio-beta","1d9efb000a2b87a53fad08273f91317fdcc31196","Sources/vMLXEngine/ImageGen.swift","vMLXEngine","vMLX inference/runtime","keep","Sources/vMLXEngine/ImageGen.swift","5","MLXStudioDomain;vMLX model targets","runtime unit, real-artifact, and installed-app tests","never; canonical runtime"
"hornsan1/mlx-studio-beta","1d9efb000a2b87a53fad08273f91317fdcc31196","Sources/vMLXEngine/ImageGenerationSafety.swift","vMLXEngine","vMLX inference/runtime","keep","Sources/vMLXEngine/ImageGenerationSafety.swift","5","MLXStudioDomain;vMLX model targets","runtime unit, real-artifact, and installed-app tests","never; canonical runtime"
"hornsan1/mlx-studio-beta","1d9efb000a2b87a53fad08273f91317fdcc31196","Sources/vMLXEngine/ImageModelInstallVerifier.swift","vMLXEngine","vMLX inference/runtime","keep","Sources/vMLXEngine/ImageModelInstallVerifier.swift","5","MLXStudioDomain;vMLX model targets","runtime unit, real-artifact, and installed-app tests","never; canonical runtime"
"hornsan1/mlx-studio-beta","1d9efb000a2b87a53fad08273f91317fdcc31196","Sources/vMLXEngine/ImageRuntimeProofStore.swift","vMLXEngine","vMLX inference/runtime","keep","Sources/vMLXEngine/ImageRuntimeProofStore.swift","5","MLXStudioDomain;vMLX model targets","runtime unit, real-artifact, and installed-app tests","never; canonical runtime"
"hornsan1/mlx-studio-beta","1d9efb000a2b87a53fad08273f91317fdcc31196","Sources/vMLXEngine/MFluxImageBackend.swift","vMLXEngine","vMLX inference/runtime","keep","Sources/vMLXEngine/MFluxImageBackend.swift","5","MLXStudioDomain;vMLX model targets","runtime unit, real-artifact, and installed-app tests","never; canonical runtime"
"hornsan1/mlx-studio-beta","1d9efb000a2b87a53fad08273f91317fdcc31196","Sources/vMLXEngine/MetalRuntimePreflight.swift","vMLXEngine","vMLX inference/runtime","keep","Sources/vMLXEngine/MetalRuntimePreflight.swift","5","MLXStudioDomain;vMLX model targets","runtime unit, real-artifact, and installed-app tests","never; canonical runtime"
"hornsan1/mlx-studio-beta","1d9efb000a2b87a53fad08273f91317fdcc31196","Sources/vMLXEngine/ModelCapabilities.swift","vMLXEngine","vMLX inference/runtime","keep","Sources/vMLXEngine/ModelCapabilities.swift","5","MLXStudioDomain;vMLX model targets","runtime unit, real-artifact, and installed-app tests","never; canonical runtime"
"hornsan1/mlx-studio-beta","1d9efb000a2b87a53fad08273f91317fdcc31196","Sources/vMLXEngine/ModelDetector.swift","vMLXEngine","vMLX inference/runtime","keep","Sources/vMLXEngine/ModelDetector.swift","5","MLXStudioDomain;vMLX model targets","runtime unit, real-artifact, and installed-app tests","never; canonical runtime"
"hornsan1/mlx-studio-beta","1d9efb000a2b87a53fad08273f91317fdcc31196","Sources/vMLXEngine/ModelInstallReadinessVerifier.swift","vMLXEngine","vMLX inference/runtime","keep","Sources/vMLXEngine/ModelInstallReadinessVerifier.swift","5","MLXStudioDomain;vMLX model targets","runtime unit, real-artifact, and installed-app tests","never; canonical runtime"
"hornsan1/mlx-studio-beta","1d9efb000a2b87a53fad08273f91317fdcc31196","Sources/vMLXEngine/Stream.swift","vMLXEngine","vMLX inference/runtime","keep","Sources/vMLXEngine/Stream.swift","5","MLXStudioDomain;vMLX model targets","runtime unit, real-artifact, and installed-app tests","never; canonical runtime"
"hornsan1/mlx-studio-beta","1d9efb000a2b87a53fad08273f91317fdcc31196","Sources/vMLXEngine/StreamDFlash.swift","vMLXEngine","vMLX inference/runtime","keep","Sources/vMLXEngine/StreamDFlash.swift","5","MLXStudioDomain;vMLX model targets","runtime unit, real-artifact, and installed-app tests","never; canonical runtime"
"hornsan1/mlx-studio-beta","1d9efb000a2b87a53fad08273f91317fdcc31196","Sources/vMLXEngine/TransformersTokenizerLoader.swift","vMLXEngine","vMLX inference/runtime","keep","Sources/vMLXEngine/TransformersTokenizerLoader.swift","5","MLXStudioDomain;vMLX model targets","runtime unit, real-artifact, and installed-app tests","never; canonical runtime"
"hornsan1/mlx-studio-beta","1d9efb000a2b87a53fad08273f91317fdcc31196","Sources/vMLXServer/AdminAuth.swift","vMLXServer","server","adapt","Sources/vMLXServer/AdminAuth.swift","4-5","vMLXEngine;MLXStudioDomain","route/auth/SSE/cancel installed server tests","never for canonical server; retire only superseded helpers"
"hornsan1/mlx-studio-beta","1d9efb000a2b87a53fad08273f91317fdcc31196","Sources/vMLXServer/Auth.swift","vMLXServer","server","adapt","Sources/vMLXServer/Auth.swift","4-5","vMLXEngine;MLXStudioDomain","route/auth/SSE/cancel installed server tests","never for canonical server; retire only superseded helpers"
"hornsan1/mlx-studio-beta","1d9efb000a2b87a53fad08273f91317fdcc31196","Sources/vMLXServer/GatewayServer.swift","vMLXServer","server","adapt","Sources/vMLXServer/GatewayServer.swift","4-5","vMLXEngine;MLXStudioDomain","route/auth/SSE/cancel installed server tests","never for canonical server; retire only superseded helpers"
"hornsan1/mlx-studio-beta","1d9efb000a2b87a53fad08273f91317fdcc31196","Sources/vMLXServer/JSONLEncoder.swift","vMLXServer","server","adapt","Sources/vMLXServer/JSONLEncoder.swift","4-5","vMLXEngine;MLXStudioDomain","route/auth/SSE/cancel installed server tests","never for canonical server; retire only superseded helpers"
"hornsan1/mlx-studio-beta","1d9efb000a2b87a53fad08273f91317fdcc31196","Sources/vMLXServer/MultipartFormParser.swift","vMLXServer","server","adapt","Sources/vMLXServer/MultipartFormParser.swift","4-5","vMLXEngine;MLXStudioDomain","route/auth/SSE/cancel installed server tests","never for canonical server; retire only superseded helpers"
"hornsan1/mlx-studio-beta","1d9efb000a2b87a53fad08273f91317fdcc31196","Sources/vMLXServer/RequestLogger.swift","vMLXServer","server","adapt","Sources/vMLXServer/RequestLogger.swift","4-5","vMLXEngine;MLXStudioDomain","route/auth/SSE/cancel installed server tests","never for canonical server; retire only superseded helpers"
"hornsan1/mlx-studio-beta","1d9efb000a2b87a53fad08273f91317fdcc31196","Sources/vMLXServer/SSEEncoder.swift","vMLXServer","server","adapt","Sources/vMLXServer/SSEEncoder.swift","4-5","vMLXEngine;MLXStudioDomain","route/auth/SSE/cancel installed server tests","never for canonical server; retire only superseded helpers"
"hornsan1/mlx-studio-beta","1d9efb000a2b87a53fad08273f91317fdcc31196","Sources/vMLXServer/Server.swift","vMLXServer","server","adapt","Sources/vMLXServer/Server.swift","4-5","vMLXEngine;MLXStudioDomain","route/auth/SSE/cancel installed server tests","never for canonical server; retire only superseded helpers"
"hornsan1/mlx-studio-beta","1d9efb000a2b87a53fad08273f91317fdcc31196","packaging/homebrew/vmlx.rb","release tooling","publishing","adapt","packaging/homebrew/vmlx.rb","20","codesign;notary;GitHub Releases","release dry run;checksum;installed launch","never without replacement release proof"
"hornsan1/mlx-studio-beta","1d9efb000a2b87a53fad08273f91317fdcc31196","project.yml","XcodeGen manifest","package graph","adapt","project.yml","2","SwiftPM;XcodeGen","xcodebuild -list;build","target graph parity"
"hornsan1/mlx-studio-beta","1d9efb000a2b87a53fad08273f91317fdcc31196","scripts/bench-perf-parity.sh","verification script","verification/benchmark","adapt","scripts/bench-perf-parity.sh","2-19","built app;runtime","script-specific smoke or parity check","retire only with equivalent automated gate"
"hornsan1/mlx-studio-beta","1d9efb000a2b87a53fad08273f91317fdcc31196","scripts/build-release.sh","release tooling","publishing","adapt","scripts/build-release.sh","20","codesign;notary;GitHub Releases","release dry run;checksum;installed launch","never without replacement release proof"
"hornsan1/mlx-studio-beta","1d9efb000a2b87a53fad08273f91317fdcc31196","scripts/cache-hybrid-verify.sh","verification script","verification/benchmark","adapt","scripts/cache-hybrid-verify.sh","2-19","built app;runtime","script-specific smoke or parity check","retire only with equivalent automated gate"
"hornsan1/mlx-studio-beta","1d9efb000a2b87a53fad08273f91317fdcc31196","scripts/final-release-test.sh","release tooling","publishing","adapt","scripts/final-release-test.sh","20","codesign;notary;GitHub Releases","release dry run;checksum;installed launch","never without replacement release proof"
"hornsan1/mlx-studio-beta","1d9efb000a2b87a53fad08273f91317fdcc31196","scripts/lint-typed-mlx-scalars.sh","verification script","verification/benchmark","adapt","scripts/lint-typed-mlx-scalars.sh","2-19","built app;runtime","script-specific smoke or parity check","retire only with equivalent automated gate"
"hornsan1/mlx-studio-beta","1d9efb000a2b87a53fad08273f91317fdcc31196","scripts/multi-turn-thinking-matrix.sh","verification script","verification/benchmark","adapt","scripts/multi-turn-thinking-matrix.sh","2-19","built app;runtime","script-specific smoke or parity check","retire only with equivalent automated gate"
"hornsan1/mlx-studio-beta","1d9efb000a2b87a53fad08273f91317fdcc31196","scripts/notarize-only.sh","release tooling","publishing","adapt","scripts/notarize-only.sh","20","codesign;notary;GitHub Releases","release dry run;checksum;installed launch","never without replacement release proof"
"hornsan1/mlx-studio-beta","1d9efb000a2b87a53fad08273f91317fdcc31196","scripts/package-mlx-studio-app.sh","release tooling","publishing","adapt","scripts/package-mlx-studio-app.sh","20","codesign;notary;GitHub Releases","release dry run;checksum;installed launch","never without replacement release proof"
"hornsan1/mlx-studio-beta","1d9efb000a2b87a53fad08273f91317fdcc31196","scripts/per-model-pmc.sh","verification script","verification/benchmark","adapt","scripts/per-model-pmc.sh","2-19","built app;runtime","script-specific smoke or parity check","retire only with equivalent automated gate"
"hornsan1/mlx-studio-beta","1d9efb000a2b87a53fad08273f91317fdcc31196","scripts/stage-metallib.sh","verification script","verification/benchmark","adapt","scripts/stage-metallib.sh","2-19","built app;runtime","script-specific smoke or parity check","retire only with equivalent automated gate"
"hornsan1/mlx-studio-beta","1d9efb000a2b87a53fad08273f91317fdcc31196","scripts/wake-sleep-matrix.sh","verification script","verification/benchmark","adapt","scripts/wake-sleep-matrix.sh","2-19","built app;runtime","script-specific smoke or parity check","retire only with equivalent automated gate"
"hornsan1/mlx-studio-beta","1d9efb000a2b87a53fad08273f91317fdcc31196","vMLX/Info.plist","application metadata","product identity/packaging","keep","vMLX/Info.plist","19","XcodeGen;codesign","installed-app identity and entitlement checks","never; canonical application metadata"
"hornsan1/mlx-studio-beta","1d9efb000a2b87a53fad08273f91317fdcc31196","vMLX/vMLX.entitlements","application metadata","product identity/packaging","keep","vMLX/vMLX.entitlements","19","XcodeGen;codesign","installed-app identity and entitlement checks","never; canonical application metadata"
"hornsan1/mlx-studio-beta","1d9efb000a2b87a53fad08273f91317fdcc31196","MLXStudio/Info.plist","MLXStudio app","product identity","keep","MLXStudio/Info.plist","19","app packaging","installed-app launch","never; canonical product metadata"
"hornsan1/mlx-studio-beta","1d9efb000a2b87a53fad08273f91317fdcc31196","Package.swift","Package manifest","package graph","adapt","Package.swift","2","SwiftPM","swift package dump-package","target graph review"
"hornsan1/mlx-studio-beta","1d9efb000a2b87a53fad08273f91317fdcc31196","Sources/Cmlx/**","Cmlx","vendored MLX C/C++/Metal runtime","keep","Sources/Cmlx/**","0","MLX upstream fork","existing runtime/build tests","never; preserve in place as grouped inventory"
"hornsan1/mlx-studio-beta","1d9efb000a2b87a53fad08273f91317fdcc31196","Sources/MLX*/**","MLX Swift runtime","vendored MLX Swift runtime","keep","Sources/MLX*/**","0","Cmlx","existing MLX/runtime tests","never; preserve in place as grouped inventory"
"hornsan1/mlx-studio-beta","1d9efb000a2b87a53fad08273f91317fdcc31196","Sources/vMLXApp/API/APIKeyManager.swift","vMLXApp","serve/API","adapt","Sources/vMLXApp/API/APIKeyManager.swift","4-19","vMLXEngine;Hummingbird","route auth lifecycle installed serve tests","never for canonical Serve; UI duplicates after parity"
"hornsan1/mlx-studio-beta","1d9efb000a2b87a53fad08273f91317fdcc31196","Sources/vMLXApp/API/APIScreen.swift","vMLXApp","serve/API","adapt","Sources/vMLXApp/API/APIScreen.swift","4-19","vMLXEngine;Hummingbird","route auth lifecycle installed serve tests","never for canonical Serve; UI duplicates after parity"
"hornsan1/mlx-studio-beta","1d9efb000a2b87a53fad08273f91317fdcc31196","Sources/vMLXApp/API/AdvancedServerCard.swift","vMLXApp","serve/API","adapt","Sources/vMLXApp/API/AdvancedServerCard.swift","4-19","vMLXEngine;Hummingbird","route auth lifecycle installed serve tests","never for canonical Serve; UI duplicates after parity"
"hornsan1/mlx-studio-beta","1d9efb000a2b87a53fad08273f91317fdcc31196","Sources/vMLXApp/API/HuggingFaceTokenCard.swift","vMLXApp","serve/API","adapt","Sources/vMLXApp/API/HuggingFaceTokenCard.swift","4-19","vMLXEngine;Hummingbird","route auth lifecycle installed serve tests","never for canonical Serve; UI duplicates after parity"
"hornsan1/mlx-studio-beta","1d9efb000a2b87a53fad08273f91317fdcc31196","Sources/vMLXApp/API/MCPPanel.swift","vMLXApp","serve/API","adapt","Sources/vMLXApp/API/MCPPanel.swift","4-19","vMLXEngine;Hummingbird","route auth lifecycle installed serve tests","never for canonical Serve; UI duplicates after parity"
"hornsan1/mlx-studio-beta","1d9efb000a2b87a53fad08273f91317fdcc31196","Sources/vMLXApp/API/RequestLogPanel.swift","vMLXApp","serve/API","adapt","Sources/vMLXApp/API/RequestLogPanel.swift","4-19","vMLXEngine;Hummingbird","route auth lifecycle installed serve tests","never for canonical Serve; UI duplicates after parity"
"hornsan1/mlx-studio-beta","1d9efb000a2b87a53fad08273f91317fdcc31196","Sources/vMLXApp/API/RouteCatalog.swift","vMLXApp","serve/API","adapt","Sources/vMLXApp/API/RouteCatalog.swift","4-19","vMLXEngine;Hummingbird","route auth lifecycle installed serve tests","never for canonical Serve; UI duplicates after parity"
"hornsan1/mlx-studio-beta","1d9efb000a2b87a53fad08273f91317fdcc31196","Sources/vMLXApp/API/RoutesCard.swift","vMLXApp","serve/API","adapt","Sources/vMLXApp/API/RoutesCard.swift","4-19","vMLXEngine;Hummingbird","route auth lifecycle installed serve tests","never for canonical Serve; UI duplicates after parity"
"hornsan1/mlx-studio-beta","1d9efb000a2b87a53fad08273f91317fdcc31196","Sources/vMLXApp/Chat/ChatDocumentAttachment.swift","vMLXApp","chat","adapt","Sources/vMLXApp/Chat/ChatDocumentAttachment.swift","4-6","vMLXEngine;MLXStudioDomain","chat unit and installed-app E2E","never for canonical Chat; only parity replacements"
"hornsan1/mlx-studio-beta","1d9efb000a2b87a53fad08273f91317fdcc31196","Sources/vMLXApp/Chat/ChatExporter.swift","vMLXApp","chat","adapt","Sources/vMLXApp/Chat/ChatExporter.swift","4-6","vMLXEngine;MLXStudioDomain","chat unit and installed-app E2E","never for canonical Chat; only parity replacements"
"hornsan1/mlx-studio-beta","1d9efb000a2b87a53fad08273f91317fdcc31196","Sources/vMLXApp/Chat/ChatImporter.swift","vMLXApp","chat","adapt","Sources/vMLXApp/Chat/ChatImporter.swift","4-6","vMLXEngine;MLXStudioDomain","chat unit and installed-app E2E","never for canonical Chat; only parity replacements"
"hornsan1/mlx-studio-beta","1d9efb000a2b87a53fad08273f91317fdcc31196","Sources/vMLXApp/Chat/ChatLaunchIntent.swift","vMLXApp","chat","adapt","Sources/vMLXApp/Chat/ChatLaunchIntent.swift","4-6","vMLXEngine;MLXStudioDomain","chat unit and installed-app E2E","never for canonical Chat; only parity replacements"
"hornsan1/mlx-studio-beta","1d9efb000a2b87a53fad08273f91317fdcc31196","Sources/vMLXApp/Chat/ChatModelEntryResolver.swift","vMLXApp","chat","adapt","Sources/vMLXApp/Chat/ChatModelEntryResolver.swift","4-6","vMLXEngine;MLXStudioDomain","chat unit and installed-app E2E","never for canonical Chat; only parity replacements"
"hornsan1/mlx-studio-beta","1d9efb000a2b87a53fad08273f91317fdcc31196","Sources/vMLXApp/Chat/ChatScreen.swift","vMLXApp","chat","adapt","Sources/vMLXApp/Chat/ChatScreen.swift","4-6","vMLXEngine;MLXStudioDomain","chat unit and installed-app E2E","never for canonical Chat; only parity replacements"
"hornsan1/mlx-studio-beta","1d9efb000a2b87a53fad08273f91317fdcc31196","Sources/vMLXApp/Chat/ChatSettingsPopover.swift","vMLXApp","chat","adapt","Sources/vMLXApp/Chat/ChatSettingsPopover.swift","4-6","vMLXEngine;MLXStudioDomain","chat unit and installed-app E2E","never for canonical Chat; only parity replacements"
"hornsan1/mlx-studio-beta","1d9efb000a2b87a53fad08273f91317fdcc31196","Sources/vMLXApp/Chat/ChatViewModel.swift","vMLXApp","chat","adapt","Sources/vMLXApp/Chat/ChatViewModel.swift","4-6","vMLXEngine;MLXStudioDomain","chat unit and installed-app E2E","never for canonical Chat; only parity replacements"
"hornsan1/mlx-studio-beta","1d9efb000a2b87a53fad08273f91317fdcc31196","Sources/vMLXApp/Chat/InlineToolCallCard.swift","vMLXApp","chat","adapt","Sources/vMLXApp/Chat/InlineToolCallCard.swift","4-6","vMLXEngine;MLXStudioDomain","chat unit and installed-app E2E","never for canonical Chat; only parity replacements"
"hornsan1/mlx-studio-beta","1d9efb000a2b87a53fad08273f91317fdcc31196","Sources/vMLXApp/Chat/InputBar.swift","vMLXApp","chat","adapt","Sources/vMLXApp/Chat/InputBar.swift","4-6","vMLXEngine;MLXStudioDomain","chat unit and installed-app E2E","never for canonical Chat; only parity replacements"
"hornsan1/mlx-studio-beta","1d9efb000a2b87a53fad08273f91317fdcc31196","Sources/vMLXApp/Chat/MessageBubble.swift","vMLXApp","chat","adapt","Sources/vMLXApp/Chat/MessageBubble.swift","4-6","vMLXEngine;MLXStudioDomain","chat unit and installed-app E2E","never for canonical Chat; only parity replacements"
"hornsan1/mlx-studio-beta","1d9efb000a2b87a53fad08273f91317fdcc31196","Sources/vMLXApp/Chat/MessageList.swift","vMLXApp","chat","adapt","Sources/vMLXApp/Chat/MessageList.swift","4-6","vMLXEngine;MLXStudioDomain","chat unit and installed-app E2E","never for canonical Chat; only parity replacements"
"hornsan1/mlx-studio-beta","1d9efb000a2b87a53fad08273f91317fdcc31196","Sources/vMLXApp/Chat/MicRecorderButton.swift","vMLXApp","chat","adapt","Sources/vMLXApp/Chat/MicRecorderButton.swift","4-6","vMLXEngine;MLXStudioDomain","chat unit and installed-app E2E","never for canonical Chat; only parity replacements"
"hornsan1/mlx-studio-beta","1d9efb000a2b87a53fad08273f91317fdcc31196","Sources/vMLXApp/Chat/QuickSlidersPopover.swift","vMLXApp","chat","adapt","Sources/vMLXApp/Chat/QuickSlidersPopover.swift","4-6","vMLXEngine;MLXStudioDomain","chat unit and installed-app E2E","never for canonical Chat; only parity replacements"
"hornsan1/mlx-studio-beta","1d9efb000a2b87a53fad08273f91317fdcc31196","Sources/vMLXApp/Chat/SessionsSidebar.swift","vMLXApp","chat","adapt","Sources/vMLXApp/Chat/SessionsSidebar.swift","4-6","vMLXEngine;MLXStudioDomain","chat unit and installed-app E2E","never for canonical Chat; only parity replacements"
"hornsan1/mlx-studio-beta","1d9efb000a2b87a53fad08273f91317fdcc31196","Sources/vMLXApp/Chat/StudioChatHistoryMigration.swift","vMLXApp","chat migration bridge","keep","Sources/vMLXApp/Chat/StudioChatHistoryMigration.swift","19","chat stores","installed upgrade tests","two compatibility releases after migration marker"
"hornsan1/mlx-studio-beta","1d9efb000a2b87a53fad08273f91317fdcc31196","Sources/vMLXApp/Chat/TTSPlaybackButton.swift","vMLXApp","chat","adapt","Sources/vMLXApp/Chat/TTSPlaybackButton.swift","4-6","vMLXEngine;MLXStudioDomain","chat unit and installed-app E2E","never for canonical Chat; only parity replacements"
"hornsan1/mlx-studio-beta","1d9efb000a2b87a53fad08273f91317fdcc31196","Sources/vMLXApp/Common/CommandBar.swift","vMLXApp","application shell","keep","Sources/vMLXApp/Common/CommandBar.swift","19","SwiftUI;vMLXEngine","app tests","never unless explicitly superseded"
"hornsan1/mlx-studio-beta","1d9efb000a2b87a53fad08273f91317fdcc31196","Sources/vMLXApp/Common/ConfirmButton.swift","vMLXApp","application shell","keep","Sources/vMLXApp/Common/ConfirmButton.swift","19","SwiftUI;vMLXEngine","app tests","never unless explicitly superseded"
"hornsan1/mlx-studio-beta","1d9efb000a2b87a53fad08273f91317fdcc31196","Sources/vMLXApp/Common/DownloadNotifier.swift","vMLXApp","application shell","keep","Sources/vMLXApp/Common/DownloadNotifier.swift","19","SwiftUI;vMLXEngine","app tests","never unless explicitly superseded"
"hornsan1/mlx-studio-beta","1d9efb000a2b87a53fad08273f91317fdcc31196","Sources/vMLXApp/Common/DownloadStatusBar.swift","vMLXApp","application shell","keep","Sources/vMLXApp/Common/DownloadStatusBar.swift","19","SwiftUI;vMLXEngine","app tests","never unless explicitly superseded"
"hornsan1/mlx-studio-beta","1d9efb000a2b87a53fad08273f91317fdcc31196","Sources/vMLXApp/Common/EmptyStateView.swift","vMLXApp","application shell","keep","Sources/vMLXApp/Common/EmptyStateView.swift","19","SwiftUI;vMLXEngine","app tests","never unless explicitly superseded"
"hornsan1/mlx-studio-beta","1d9efb000a2b87a53fad08273f91317fdcc31196","Sources/vMLXApp/Common/Markdown/MarkdownBlocks.swift","vMLXApp","application shell","keep","Sources/vMLXApp/Common/Markdown/MarkdownBlocks.swift","19","SwiftUI;vMLXEngine","app tests","never unless explicitly superseded"
"hornsan1/mlx-studio-beta","1d9efb000a2b87a53fad08273f91317fdcc31196","Sources/vMLXApp/Common/Markdown/MarkdownChrome.swift","vMLXApp","application shell","keep","Sources/vMLXApp/Common/Markdown/MarkdownChrome.swift","19","SwiftUI;vMLXEngine","app tests","never unless explicitly superseded"
"hornsan1/mlx-studio-beta","1d9efb000a2b87a53fad08273f91317fdcc31196","Sources/vMLXApp/Common/Markdown/MarkdownDocument.swift","vMLXApp","application shell","keep","Sources/vMLXApp/Common/Markdown/MarkdownDocument.swift","19","SwiftUI;vMLXEngine","app tests","never unless explicitly superseded"
"hornsan1/mlx-studio-beta","1d9efb000a2b87a53fad08273f91317fdcc31196","Sources/vMLXApp/Common/Markdown/MarkdownLanguage.swift","vMLXApp","application shell","keep","Sources/vMLXApp/Common/Markdown/MarkdownLanguage.swift","19","SwiftUI;vMLXEngine","app tests","never unless explicitly superseded"
"hornsan1/mlx-studio-beta","1d9efb000a2b87a53fad08273f91317fdcc31196","Sources/vMLXApp/Common/Markdown/MarkdownLinkPolicy.swift","vMLXApp","application shell","keep","Sources/vMLXApp/Common/Markdown/MarkdownLinkPolicy.swift","19","SwiftUI;vMLXEngine","app tests","never unless explicitly superseded"
"hornsan1/mlx-studio-beta","1d9efb000a2b87a53fad08273f91317fdcc31196","Sources/vMLXApp/Common/Markdown/MarkdownParser.swift","vMLXApp","application shell","keep","Sources/vMLXApp/Common/Markdown/MarkdownParser.swift","19","SwiftUI;vMLXEngine","app tests","never unless explicitly superseded"
"hornsan1/mlx-studio-beta","1d9efb000a2b87a53fad08273f91317fdcc31196","Sources/vMLXApp/Common/Markdown/MarkdownPlainText.swift","vMLXApp","application shell","keep","Sources/vMLXApp/Common/Markdown/MarkdownPlainText.swift","19","SwiftUI;vMLXEngine","app tests","never unless explicitly superseded"
"hornsan1/mlx-studio-beta","1d9efb000a2b87a53fad08273f91317fdcc31196","Sources/vMLXApp/Common/Markdown/MarkdownRenderCache.swift","vMLXApp","application shell","keep","Sources/vMLXApp/Common/Markdown/MarkdownRenderCache.swift","19","SwiftUI;vMLXEngine","app tests","never unless explicitly superseded"
"hornsan1/mlx-studio-beta","1d9efb000a2b87a53fad08273f91317fdcc31196","Sources/vMLXApp/Common/MarkdownView.swift","vMLXApp","application shell","keep","Sources/vMLXApp/Common/MarkdownView.swift","19","SwiftUI;vMLXEngine","app tests","never unless explicitly superseded"
"hornsan1/mlx-studio-beta","1d9efb000a2b87a53fad08273f91317fdcc31196","Sources/vMLXApp/Common/QRCodeView.swift","vMLXApp","application shell","keep","Sources/vMLXApp/Common/QRCodeView.swift","19","SwiftUI;vMLXEngine","app tests","never unless explicitly superseded"
"hornsan1/mlx-studio-beta","1d9efb000a2b87a53fad08273f91317fdcc31196","Sources/vMLXApp/Common/ReasoningBox.swift","vMLXApp","application shell","keep","Sources/vMLXApp/Common/ReasoningBox.swift","19","SwiftUI;vMLXEngine","app tests","never unless explicitly superseded"
"hornsan1/mlx-studio-beta","1d9efb000a2b87a53fad08273f91317fdcc31196","Sources/vMLXApp/Common/Sparkline.swift","vMLXApp","application shell","keep","Sources/vMLXApp/Common/Sparkline.swift","19","SwiftUI;vMLXEngine","app tests","never unless explicitly superseded"
"hornsan1/mlx-studio-beta","1d9efb000a2b87a53fad08273f91317fdcc31196","Sources/vMLXApp/Common/StreamingTextView.swift","vMLXApp","application shell","keep","Sources/vMLXApp/Common/StreamingTextView.swift","19","SwiftUI;vMLXEngine","app tests","never unless explicitly superseded"
"hornsan1/mlx-studio-beta","1d9efb000a2b87a53fad08273f91317fdcc31196","Sources/vMLXApp/Common/TrayItem.swift","vMLXApp","application shell","keep","Sources/vMLXApp/Common/TrayItem.swift","19","SwiftUI;vMLXEngine","app tests","never unless explicitly superseded"
"hornsan1/mlx-studio-beta","1d9efb000a2b87a53fad08273f91317fdcc31196","Sources/vMLXApp/Common/UpdateAvailableBanner.swift","vMLXApp","application shell","keep","Sources/vMLXApp/Common/UpdateAvailableBanner.swift","19","SwiftUI;vMLXEngine","app tests","never unless explicitly superseded"
"hornsan1/mlx-studio-beta","1d9efb000a2b87a53fad08273f91317fdcc31196","Sources/vMLXApp/Common/ValidatedField.swift","vMLXApp","application shell","keep","Sources/vMLXApp/Common/ValidatedField.swift","19","SwiftUI;vMLXEngine","app tests","never unless explicitly superseded"
"hornsan1/mlx-studio-beta","1d9efb000a2b87a53fad08273f91317fdcc31196","Sources/vMLXApp/Downloads/DownloadsWindow.swift","vMLXApp","downloads/jobs","adapt","Sources/vMLXApp/Downloads/DownloadsWindow.swift","4-8","ModelLibrary;URLSession","resume pause cancel install tests","after MLXStudioJobs adapter parity"
"hornsan1/mlx-studio-beta","1d9efb000a2b87a53fad08273f91317fdcc31196","Sources/vMLXApp/Downloads/ModelSearchPanel.swift","vMLXApp","downloads/jobs","adapt","Sources/vMLXApp/Downloads/ModelSearchPanel.swift","4-8","ModelLibrary;URLSession","resume pause cancel install tests","after MLXStudioJobs adapter parity"
"hornsan1/mlx-studio-beta","1d9efb000a2b87a53fad08273f91317fdcc31196","Sources/vMLXApp/Image/ImageGallery.swift","vMLXApp","application shell","keep","Sources/vMLXApp/Image/ImageGallery.swift","19","SwiftUI;vMLXEngine","app tests","never unless explicitly superseded"
"hornsan1/mlx-studio-beta","1d9efb000a2b87a53fad08273f91317fdcc31196","Sources/vMLXApp/Image/ImageGenStateView.swift","vMLXApp","application shell","keep","Sources/vMLXApp/Image/ImageGenStateView.swift","19","SwiftUI;vMLXEngine","app tests","never unless explicitly superseded"
"hornsan1/mlx-studio-beta","1d9efb000a2b87a53fad08273f91317fdcc31196","Sources/vMLXApp/Image/ImageHistory.swift","vMLXApp","application shell","keep","Sources/vMLXApp/Image/ImageHistory.swift","19","SwiftUI;vMLXEngine","app tests","never unless explicitly superseded"
"hornsan1/mlx-studio-beta","1d9efb000a2b87a53fad08273f91317fdcc31196","Sources/vMLXApp/Image/ImageHistoryRecordState.swift","vMLXApp","application shell","keep","Sources/vMLXApp/Image/ImageHistoryRecordState.swift","19","SwiftUI;vMLXEngine","app tests","never unless explicitly superseded"
"hornsan1/mlx-studio-beta","1d9efb000a2b87a53fad08273f91317fdcc31196","Sources/vMLXApp/Image/ImageLibraryView.swift","vMLXApp","application shell","keep","Sources/vMLXApp/Image/ImageLibraryView.swift","19","SwiftUI;vMLXEngine","app tests","never unless explicitly superseded"
"hornsan1/mlx-studio-beta","1d9efb000a2b87a53fad08273f91317fdcc31196","Sources/vMLXApp/Image/ImageModelPicker.swift","vMLXApp","application shell","keep","Sources/vMLXApp/Image/ImageModelPicker.swift","19","SwiftUI;vMLXEngine","app tests","never unless explicitly superseded"
"hornsan1/mlx-studio-beta","1d9efb000a2b87a53fad08273f91317fdcc31196","Sources/vMLXApp/Image/ImagePromptBar.swift","vMLXApp","application shell","keep","Sources/vMLXApp/Image/ImagePromptBar.swift","19","SwiftUI;vMLXEngine","app tests","never unless explicitly superseded"
"hornsan1/mlx-studio-beta","1d9efb000a2b87a53fad08273f91317fdcc31196","Sources/vMLXApp/Image/ImageScreen.swift","vMLXApp","application shell","keep","Sources/vMLXApp/Image/ImageScreen.swift","19","SwiftUI;vMLXEngine","app tests","never unless explicitly superseded"
"hornsan1/mlx-studio-beta","1d9efb000a2b87a53fad08273f91317fdcc31196","Sources/vMLXApp/Image/ImageSettings.swift","vMLXApp","application shell","keep","Sources/vMLXApp/Image/ImageSettings.swift","19","SwiftUI;vMLXEngine","app tests","never unless explicitly superseded"
"hornsan1/mlx-studio-beta","1d9efb000a2b87a53fad08273f91317fdcc31196","Sources/vMLXApp/Image/ImageTopBar.swift","vMLXApp","application shell","keep","Sources/vMLXApp/Image/ImageTopBar.swift","19","SwiftUI;vMLXEngine","app tests","never unless explicitly superseded"
"hornsan1/mlx-studio-beta","1d9efb000a2b87a53fad08273f91317fdcc31196","Sources/vMLXApp/Image/MaskPainter.swift","vMLXApp","application shell","keep","Sources/vMLXApp/Image/MaskPainter.swift","19","SwiftUI;vMLXEngine","app tests","never unless explicitly superseded"
"hornsan1/mlx-studio-beta","1d9efb000a2b87a53fad08273f91317fdcc31196","Sources/vMLXApp/Locale/AppLocale.swift","vMLXApp","application shell","keep","Sources/vMLXApp/Locale/AppLocale.swift","19","SwiftUI;vMLXEngine","app tests","never unless explicitly superseded"
"hornsan1/mlx-studio-beta","1d9efb000a2b87a53fad08273f91317fdcc31196","Sources/vMLXApp/Locale/AppLocalePreference.swift","vMLXApp","application shell","keep","Sources/vMLXApp/Locale/AppLocalePreference.swift","19","SwiftUI;vMLXEngine","app tests","never unless explicitly superseded"
"hornsan1/mlx-studio-beta","1d9efb000a2b87a53fad08273f91317fdcc31196","Sources/vMLXApp/Locale/L10nEntry.swift","vMLXApp","application shell","keep","Sources/vMLXApp/Locale/L10nEntry.swift","19","SwiftUI;vMLXEngine","app tests","never unless explicitly superseded"
"hornsan1/mlx-studio-beta","1d9efb000a2b87a53fad08273f91317fdcc31196","Sources/vMLXApp/Locale/L10nText.swift","vMLXApp","application shell","keep","Sources/vMLXApp/Locale/L10nText.swift","19","SwiftUI;vMLXEngine","app tests","never unless explicitly superseded"
"hornsan1/mlx-studio-beta","1d9efb000a2b87a53fad08273f91317fdcc31196","Sources/vMLXApp/Locale/LanguagePicker.swift","vMLXApp","application shell","keep","Sources/vMLXApp/Locale/LanguagePicker.swift","19","SwiftUI;vMLXEngine","app tests","never unless explicitly superseded"
"hornsan1/mlx-studio-beta","1d9efb000a2b87a53fad08273f91317fdcc31196","Sources/vMLXApp/Locale/SettingsScreen.swift","vMLXApp","settings","keep","Sources/vMLXApp/Locale/SettingsScreen.swift","2-19","SQLite3;MLXStudioDomain","settings migration tests","never; canonical settings path"
"hornsan1/mlx-studio-beta","1d9efb000a2b87a53fad08273f91317fdcc31196","Sources/vMLXApp/Locale/Strings.swift","vMLXApp","application shell","keep","Sources/vMLXApp/Locale/Strings.swift","19","SwiftUI;vMLXEngine","app tests","never unless explicitly superseded"
"hornsan1/mlx-studio-beta","1d9efb000a2b87a53fad08273f91317fdcc31196","Sources/vMLXApp/Locale/StudioStrings.swift","vMLXApp","application shell","keep","Sources/vMLXApp/Locale/StudioStrings.swift","19","SwiftUI;vMLXEngine","app tests","never unless explicitly superseded"
"hornsan1/mlx-studio-beta","1d9efb000a2b87a53fad08273f91317fdcc31196","Sources/vMLXApp/MLXStudio/MLXStudioScreens.swift","vMLXApp","duplicate app services/navigation","adapt","split across MLXStudio* targets and vMLXApp","4-19","vMLXEngine;SwiftUI","feature matrix and installed-app E2E","PR19 after service and screen parity"
"hornsan1/mlx-studio-beta","1d9efb000a2b87a53fad08273f91317fdcc31196","Sources/vMLXApp/MLXStudio/MLXStudioServices.swift","vMLXApp","duplicate app services/navigation","adapt","split across MLXStudio* targets and vMLXApp","4-19","vMLXEngine;SwiftUI","feature matrix and installed-app E2E","PR19 after service and screen parity"
"hornsan1/mlx-studio-beta","1d9efb000a2b87a53fad08273f91317fdcc31196","Sources/vMLXApp/MLXStudio/StudioChatHistoryStore.swift","vMLXApp","duplicate chat persistence","retire","-","19","UserDefaults","chat migration and installed relaunch","two compatibility releases after SQLite migration"
"hornsan1/mlx-studio-beta","1d9efb000a2b87a53fad08273f91317fdcc31196","Sources/vMLXApp/MLXStudio/StudioChatSessionExporter.swift","vMLXApp","application shell","keep","Sources/vMLXApp/MLXStudio/StudioChatSessionExporter.swift","19","SwiftUI;vMLXEngine","app tests","never unless explicitly superseded"
"hornsan1/mlx-studio-beta","1d9efb000a2b87a53fad08273f91317fdcc31196","Sources/vMLXApp/MLXStudio/StudioModelInstallCoordinator.swift","vMLXApp","downloads/jobs","adapt","Sources/vMLXApp/MLXStudio/StudioModelInstallCoordinator.swift","4-8","ModelLibrary;URLSession","resume pause cancel install tests","after MLXStudioJobs adapter parity"
"hornsan1/mlx-studio-beta","1d9efb000a2b87a53fad08273f91317fdcc31196","Sources/vMLXApp/Onboarding/SetupScreen.swift","vMLXApp","application shell","keep","Sources/vMLXApp/Onboarding/SetupScreen.swift","19","SwiftUI;vMLXEngine","app tests","never unless explicitly superseded"
"hornsan1/mlx-studio-beta","1d9efb000a2b87a53fad08273f91317fdcc31196","Sources/vMLXApp/Server/BenchmarkPanel.swift","vMLXApp","serve/API","adapt","Sources/vMLXApp/Server/BenchmarkPanel.swift","4-19","vMLXEngine;Hummingbird","route auth lifecycle installed serve tests","never for canonical Serve; UI duplicates after parity"
"hornsan1/mlx-studio-beta","1d9efb000a2b87a53fad08273f91317fdcc31196","Sources/vMLXApp/Server/CachePanel.swift","vMLXApp","serve/API","adapt","Sources/vMLXApp/Server/CachePanel.swift","4-19","vMLXEngine;Hummingbird","route auth lifecycle installed serve tests","never for canonical Serve; UI duplicates after parity"
"hornsan1/mlx-studio-beta","1d9efb000a2b87a53fad08273f91317fdcc31196","Sources/vMLXApp/Server/GatewayActor.swift","vMLXApp","serve/API","adapt","Sources/vMLXApp/Server/GatewayActor.swift","4-19","vMLXEngine;Hummingbird","route auth lifecycle installed serve tests","never for canonical Serve; UI duplicates after parity"
"hornsan1/mlx-studio-beta","1d9efb000a2b87a53fad08273f91317fdcc31196","Sources/vMLXApp/Server/HTTPServerActor.swift","vMLXApp","serve/API","adapt","Sources/vMLXApp/Server/HTTPServerActor.swift","4-19","vMLXEngine;Hummingbird","route auth lifecycle installed serve tests","never for canonical Serve; UI duplicates after parity"
"hornsan1/mlx-studio-beta","1d9efb000a2b87a53fad08273f91317fdcc31196","Sources/vMLXApp/Server/LogsPanel.swift","vMLXApp","serve/API","adapt","Sources/vMLXApp/Server/LogsPanel.swift","4-19","vMLXEngine;Hummingbird","route auth lifecycle installed serve tests","never for canonical Serve; UI duplicates after parity"
"hornsan1/mlx-studio-beta","1d9efb000a2b87a53fad08273f91317fdcc31196","Sources/vMLXApp/Server/ModelDirectoriesPanel.swift","vMLXApp","serve/API","adapt","Sources/vMLXApp/Server/ModelDirectoriesPanel.swift","4-19","vMLXEngine;Hummingbird","route auth lifecycle installed serve tests","never for canonical Serve; UI duplicates after parity"
"hornsan1/mlx-studio-beta","1d9efb000a2b87a53fad08273f91317fdcc31196","Sources/vMLXApp/Server/PerformancePanel.swift","vMLXApp","serve/API","adapt","Sources/vMLXApp/Server/PerformancePanel.swift","4-19","vMLXEngine;Hummingbird","route auth lifecycle installed serve tests","never for canonical Serve; UI duplicates after parity"
"hornsan1/mlx-studio-beta","1d9efb000a2b87a53fad08273f91317fdcc31196","Sources/vMLXApp/Server/ServerScreen.swift","vMLXApp","serve/API","adapt","Sources/vMLXApp/Server/ServerScreen.swift","4-19","vMLXEngine;Hummingbird","route auth lifecycle installed serve tests","never for canonical Serve; UI duplicates after parity"
"hornsan1/mlx-studio-beta","1d9efb000a2b87a53fad08273f91317fdcc31196","Sources/vMLXApp/Server/SessionCard.swift","vMLXApp","serve/API","adapt","Sources/vMLXApp/Server/SessionCard.swift","4-19","vMLXEngine;Hummingbird","route auth lifecycle installed serve tests","never for canonical Serve; UI duplicates after parity"
"hornsan1/mlx-studio-beta","1d9efb000a2b87a53fad08273f91317fdcc31196","Sources/vMLXApp/Server/SessionConfigForm.swift","vMLXApp","serve/API","adapt","Sources/vMLXApp/Server/SessionConfigForm.swift","4-19","vMLXEngine;Hummingbird","route auth lifecycle installed serve tests","never for canonical Serve; UI duplicates after parity"
"hornsan1/mlx-studio-beta","1d9efb000a2b87a53fad08273f91317fdcc31196","Sources/vMLXApp/Server/SessionDashboard.swift","vMLXApp","serve/API","adapt","Sources/vMLXApp/Server/SessionDashboard.swift","4-19","vMLXEngine;Hummingbird","route auth lifecycle installed serve tests","never for canonical Serve; UI duplicates after parity"
"hornsan1/mlx-studio-beta","1d9efb000a2b87a53fad08273f91317fdcc31196","Sources/vMLXApp/Server/SessionView.swift","vMLXApp","serve/API","adapt","Sources/vMLXApp/Server/SessionView.swift","4-19","vMLXEngine;Hummingbird","route auth lifecycle installed serve tests","never for canonical Serve; UI duplicates after parity"
"hornsan1/mlx-studio-beta","1d9efb000a2b87a53fad08273f91317fdcc31196","Sources/vMLXApp/Storage/Database.swift","vMLXApp","chat persistence","adapt","Sources/MLXStudioPersistence/Chat/Database.swift","3","MLXStudioDomain;SQLite3","migration and restart tests","after repository migration and two upgrade passes"
"hornsan1/mlx-studio-beta","1d9efb000a2b87a53fad08273f91317fdcc31196","Sources/vMLXApp/Storage/ImageHistoryStore.swift","vMLXApp","image persistence","keep","Sources/vMLXApp/Storage/ImageHistoryStore.swift","3","SQLite3","image history regression","never unless separate migration approved"
"hornsan1/mlx-studio-beta","1d9efb000a2b87a53fad08273f91317fdcc31196","Sources/vMLXApp/Storage/KeychainAPIKeyStore.swift","vMLXApp","secret persistence","keep","Sources/vMLXApp/Storage/KeychainAPIKeyStore.swift","8","Security","keychain migration tests","never; canonical secret path"
"hornsan1/mlx-studio-beta","1d9efb000a2b87a53fad08273f91317fdcc31196","Sources/vMLXApp/Storage/Models.swift","vMLXApp","chat persistence","adapt","Sources/MLXStudioPersistence/Chat/Models.swift","3","MLXStudioDomain;SQLite3","migration and restart tests","after repository migration and two upgrade passes"
"hornsan1/mlx-studio-beta","1d9efb000a2b87a53fad08273f91317fdcc31196","Sources/vMLXApp/Terminal/TerminalScreen.swift","vMLXApp","application shell","keep","Sources/vMLXApp/Terminal/TerminalScreen.swift","19","SwiftUI;vMLXEngine","app tests","never unless explicitly superseded"
"hornsan1/mlx-studio-beta","1d9efb000a2b87a53fad08273f91317fdcc31196","Sources/vMLXEngine/Library/ModelLibrary.swift","vMLXEngine","model/artifact library","adapt","Sources/MLXStudioPersistence/Artifacts/ModelLibrary.swift","3-4","SQLite3;CryptoKit","artifact migration scan deletion tests","after artifact repository parity"
"hornsan1/mlx-studio-beta","1d9efb000a2b87a53fad08273f91317fdcc31196","Sources/vMLXEngine/Library/ModelLibraryDB.swift","vMLXEngine","model/artifact library","adapt","Sources/MLXStudioPersistence/Artifacts/ModelLibraryDB.swift","3-4","SQLite3;CryptoKit","artifact migration scan deletion tests","after artifact repository parity"
"hornsan1/mlx-studio-beta","1d9efb000a2b87a53fad08273f91317fdcc31196","Sources/vMLXEngine/Library/ModelLibraryWatcher.swift","vMLXEngine","model/artifact library","adapt","Sources/MLXStudioPersistence/Artifacts/ModelLibraryWatcher.swift","3-4","SQLite3;CryptoKit","artifact migration scan deletion tests","after artifact repository parity"
"hornsan1/mlx-studio-beta","1d9efb000a2b87a53fad08273f91317fdcc31196","Sources/vMLXEngine/Library/OllamaCapabilities.swift","vMLXEngine","model/artifact library","adapt","Sources/MLXStudioPersistence/Artifacts/OllamaCapabilities.swift","3-4","SQLite3;CryptoKit","artifact migration scan deletion tests","after artifact repository parity"
"hornsan1/mlx-studio-beta","1d9efb000a2b87a53fad08273f91317fdcc31196","Sources/vMLXEngine/Lifecycle/IdleTimer.swift","vMLXEngine","vMLX inference/runtime","keep","Sources/vMLXEngine/Lifecycle/IdleTimer.swift","5","MLXStudioDomain;vMLX model targets","runtime unit real-artifact and installed-app tests","never; canonical runtime"
"hornsan1/mlx-studio-beta","1d9efb000a2b87a53fad08273f91317fdcc31196","Sources/vMLXEngine/Lifecycle/ThermalMonitor.swift","vMLXEngine","metrics/thermal","adapt","Sources/vMLXEngine/Lifecycle/ThermalMonitor.swift","5-6","MLX","metrics parity and hardware tests","never; canonical metrics implementation"
"hornsan1/mlx-studio-beta","1d9efb000a2b87a53fad08273f91317fdcc31196","Sources/vMLXEngine/Logging/LogStore.swift","vMLXEngine","diagnostics/logging","adapt","Sources/vMLXEngine/Logging/LogStore.swift","8","Foundation","redaction and diagnostic export tests","after unified diagnostic store parity"
"hornsan1/mlx-studio-beta","1d9efb000a2b87a53fad08273f91317fdcc31196","Sources/vMLXEngine/MCP/MCPClipboardImport.swift","vMLXEngine","vMLX inference/runtime","keep","Sources/vMLXEngine/MCP/MCPClipboardImport.swift","5","MLXStudioDomain;vMLX model targets","runtime unit real-artifact and installed-app tests","never; canonical runtime"
"hornsan1/mlx-studio-beta","1d9efb000a2b87a53fad08273f91317fdcc31196","Sources/vMLXEngine/MCP/MCPConfigLoader.swift","vMLXEngine","vMLX inference/runtime","keep","Sources/vMLXEngine/MCP/MCPConfigLoader.swift","5","MLXStudioDomain;vMLX model targets","runtime unit real-artifact and installed-app tests","never; canonical runtime"
"hornsan1/mlx-studio-beta","1d9efb000a2b87a53fad08273f91317fdcc31196","Sources/vMLXEngine/MCP/MCPJSONRPCClient.swift","vMLXEngine","vMLX inference/runtime","keep","Sources/vMLXEngine/MCP/MCPJSONRPCClient.swift","5","MLXStudioDomain;vMLX model targets","runtime unit real-artifact and installed-app tests","never; canonical runtime"
"hornsan1/mlx-studio-beta","1d9efb000a2b87a53fad08273f91317fdcc31196","Sources/vMLXEngine/MCP/MCPSecurity.swift","vMLXEngine","vMLX inference/runtime","keep","Sources/vMLXEngine/MCP/MCPSecurity.swift","5","MLXStudioDomain;vMLX model targets","runtime unit real-artifact and installed-app tests","never; canonical runtime"
"hornsan1/mlx-studio-beta","1d9efb000a2b87a53fad08273f91317fdcc31196","Sources/vMLXEngine/MCP/MCPServerManager.swift","vMLXEngine","vMLX inference/runtime","keep","Sources/vMLXEngine/MCP/MCPServerManager.swift","5","MLXStudioDomain;vMLX model targets","runtime unit real-artifact and installed-app tests","never; canonical runtime"
"hornsan1/mlx-studio-beta","1d9efb000a2b87a53fad08273f91317fdcc31196","Sources/vMLXEngine/MCP/MCPTypes.swift","vMLXEngine","vMLX inference/runtime","keep","Sources/vMLXEngine/MCP/MCPTypes.swift","5","MLXStudioDomain;vMLX model targets","runtime unit real-artifact and installed-app tests","never; canonical runtime"
"hornsan1/mlx-studio-beta","1d9efb000a2b87a53fad08273f91317fdcc31196","Sources/vMLXEngine/Metrics/MetricsCollector.swift","vMLXEngine","metrics/thermal","adapt","Sources/vMLXEngine/Metrics/MetricsCollector.swift","5-6","MLX","metrics parity and hardware tests","never; canonical metrics implementation"
"hornsan1/mlx-studio-beta","1d9efb000a2b87a53fad08273f91317fdcc31196","Sources/vMLXEngine/Parsers/AhoCorasick.swift","vMLXEngine","vMLX inference/runtime","keep","Sources/vMLXEngine/Parsers/AhoCorasick.swift","5","MLXStudioDomain;vMLX model targets","runtime unit real-artifact and installed-app tests","never; canonical runtime"
"hornsan1/mlx-studio-beta","1d9efb000a2b87a53fad08273f91317fdcc31196","Sources/vMLXEngine/Parsers/ParserRegistry.swift","vMLXEngine","vMLX inference/runtime","keep","Sources/vMLXEngine/Parsers/ParserRegistry.swift","5","MLXStudioDomain;vMLX model targets","runtime unit real-artifact and installed-app tests","never; canonical runtime"
"hornsan1/mlx-studio-beta","1d9efb000a2b87a53fad08273f91317fdcc31196","Sources/vMLXEngine/Parsers/ReasoningParser.swift","vMLXEngine","vMLX inference/runtime","keep","Sources/vMLXEngine/Parsers/ReasoningParser.swift","5","MLXStudioDomain;vMLX model targets","runtime unit real-artifact and installed-app tests","never; canonical runtime"
"hornsan1/mlx-studio-beta","1d9efb000a2b87a53fad08273f91317fdcc31196","Sources/vMLXEngine/Parsers/StreamingStateMachine.swift","vMLXEngine","vMLX inference/runtime","keep","Sources/vMLXEngine/Parsers/StreamingStateMachine.swift","5","MLXStudioDomain;vMLX model targets","runtime unit real-artifact and installed-app tests","never; canonical runtime"
"hornsan1/mlx-studio-beta","1d9efb000a2b87a53fad08273f91317fdcc31196","Sources/vMLXEngine/Parsers/ToolCallExtractor.swift","vMLXEngine","vMLX inference/runtime","keep","Sources/vMLXEngine/Parsers/ToolCallExtractor.swift","5","MLXStudioDomain;vMLX model targets","runtime unit real-artifact and installed-app tests","never; canonical runtime"
"hornsan1/mlx-studio-beta","1d9efb000a2b87a53fad08273f91317fdcc31196","Sources/vMLXEngine/Parsers/ToolCallParser.swift","vMLXEngine","vMLX inference/runtime","keep","Sources/vMLXEngine/Parsers/ToolCallParser.swift","5","MLXStudioDomain;vMLX model targets","runtime unit real-artifact and installed-app tests","never; canonical runtime"
"hornsan1/mlx-studio-beta","1d9efb000a2b87a53fad08273f91317fdcc31196","Sources/vMLXEngine/Remote/RemoteEngineClient.swift","vMLXEngine","vMLX inference/runtime","keep","Sources/vMLXEngine/Remote/RemoteEngineClient.swift","5","MLXStudioDomain;vMLX model targets","runtime unit real-artifact and installed-app tests","never; canonical runtime"
"hornsan1/mlx-studio-beta","1d9efb000a2b87a53fad08273f91317fdcc31196","Sources/vMLXEngine/Security/HuggingFaceAuth.swift","vMLXEngine","vMLX inference/runtime","keep","Sources/vMLXEngine/Security/HuggingFaceAuth.swift","5","MLXStudioDomain;vMLX model targets","runtime unit real-artifact and installed-app tests","never; canonical runtime"
"hornsan1/mlx-studio-beta","1d9efb000a2b87a53fad08273f91317fdcc31196","Sources/vMLXEngine/Security/HuggingFaceDownloadSafety.swift","vMLXEngine","vMLX inference/runtime","keep","Sources/vMLXEngine/Security/HuggingFaceDownloadSafety.swift","5","MLXStudioDomain;vMLX model targets","runtime unit real-artifact and installed-app tests","never; canonical runtime"
"hornsan1/mlx-studio-beta","1d9efb000a2b87a53fad08273f91317fdcc31196","Sources/vMLXEngine/Security/HuggingFaceSearch.swift","vMLXEngine","vMLX inference/runtime","keep","Sources/vMLXEngine/Security/HuggingFaceSearch.swift","5","MLXStudioDomain;vMLX model targets","runtime unit real-artifact and installed-app tests","never; canonical runtime"
"hornsan1/mlx-studio-beta","1d9efb000a2b87a53fad08273f91317fdcc31196","Sources/vMLXEngine/Security/KeychainHelper.swift","vMLXEngine","vMLX inference/runtime","keep","Sources/vMLXEngine/Security/KeychainHelper.swift","5","MLXStudioDomain;vMLX model targets","runtime unit real-artifact and installed-app tests","never; canonical runtime"
"hornsan1/mlx-studio-beta","1d9efb000a2b87a53fad08273f91317fdcc31196","Sources/vMLXEngine/Settings/SettingsDB.swift","vMLXEngine","settings","keep","Sources/vMLXEngine/Settings/SettingsDB.swift","2-19","SQLite3;MLXStudioDomain","settings migration tests","never; canonical settings path"
"hornsan1/mlx-studio-beta","1d9efb000a2b87a53fad08273f91317fdcc31196","Sources/vMLXEngine/Settings/SettingsStore.swift","vMLXEngine","settings","keep","Sources/vMLXEngine/Settings/SettingsStore.swift","2-19","SQLite3;MLXStudioDomain","settings migration tests","never; canonical settings path"
"hornsan1/mlx-studio-beta","1d9efb000a2b87a53fad08273f91317fdcc31196","Sources/vMLXEngine/Settings/SettingsTypes.swift","vMLXEngine","settings","keep","Sources/vMLXEngine/Settings/SettingsTypes.swift","2-19","SQLite3;MLXStudioDomain","settings migration tests","never; canonical settings path"
"hornsan1/mlx-studio-beta","1d9efb000a2b87a53fad08273f91317fdcc31196","Sources/vMLXEngine/Tools/BashTool.swift","vMLXEngine","vMLX inference/runtime","keep","Sources/vMLXEngine/Tools/BashTool.swift","5","MLXStudioDomain;vMLX model targets","runtime unit real-artifact and installed-app tests","never; canonical runtime"
"hornsan1/mlx-studio-beta","1d9efb000a2b87a53fad08273f91317fdcc31196","Sources/vMLXEngine/Tools/BrowserTool.swift","vMLXEngine","vMLX inference/runtime","keep","Sources/vMLXEngine/Tools/BrowserTool.swift","5","MLXStudioDomain;vMLX model targets","runtime unit real-artifact and installed-app tests","never; canonical runtime"
"hornsan1/mlx-studio-beta","1d9efb000a2b87a53fad08273f91317fdcc31196","Sources/vMLXEngine/Tools/SchemaArgumentCoercion.swift","vMLXEngine","vMLX inference/runtime","keep","Sources/vMLXEngine/Tools/SchemaArgumentCoercion.swift","5","MLXStudioDomain;vMLX model targets","runtime unit real-artifact and installed-app tests","never; canonical runtime"
"hornsan1/mlx-studio-beta","1d9efb000a2b87a53fad08273f91317fdcc31196","Sources/vMLXEngine/Tools/ScreenshotTool.swift","vMLXEngine","vMLX inference/runtime","keep","Sources/vMLXEngine/Tools/ScreenshotTool.swift","5","MLXStudioDomain;vMLX model targets","runtime unit real-artifact and installed-app tests","never; canonical runtime"
"hornsan1/mlx-studio-beta","1d9efb000a2b87a53fad08273f91317fdcc31196","Sources/vMLXEngine/Tools/ToolDispatcher.swift","vMLXEngine","vMLX inference/runtime","keep","Sources/vMLXEngine/Tools/ToolDispatcher.swift","5","MLXStudioDomain;vMLX model targets","runtime unit real-artifact and installed-app tests","never; canonical runtime"
"hornsan1/mlx-studio-beta","1d9efb000a2b87a53fad08273f91317fdcc31196","Sources/vMLXLLM/LLMModel.swift","vMLXLLM","model generation/runtime","keep","Sources/vMLXLLM/LLMModel.swift","5-7","MLX runtime","generation and trace parity","never; canonical vMLX model stack"
"hornsan1/mlx-studio-beta","1d9efb000a2b87a53fad08273f91317fdcc31196","Sources/vMLXLLM/LLMModelFactory.swift","vMLXLLM","model generation/runtime","keep","Sources/vMLXLLM/LLMModelFactory.swift","5-7","MLX runtime","generation and trace parity","never; canonical vMLX model stack"
"hornsan1/mlx-studio-beta","1d9efb000a2b87a53fad08273f91317fdcc31196","Sources/vMLXLLM/Models/**;Sources/vMLXVLM/Models/**","vMLX model implementations","model architecture implementations","keep","same paths","0","vMLXLMCommon;MLX","model load/generation tests","never; preserve in place as grouped inventory"
"hornsan1/mlx-studio-beta","1d9efb000a2b87a53fad08273f91317fdcc31196","Sources/vMLXLMCommon/Chat.swift","vMLXLMCommon","model generation/runtime","keep","Sources/vMLXLMCommon/Chat.swift","5-7","MLX runtime","generation and trace parity","never; canonical vMLX model stack"
"hornsan1/mlx-studio-beta","1d9efb000a2b87a53fad08273f91317fdcc31196","Sources/vMLXLMCommon/ChatSession.swift","vMLXLMCommon","model generation/runtime","keep","Sources/vMLXLMCommon/ChatSession.swift","5-7","MLX runtime","generation and trace parity","never; canonical vMLX model stack"
"hornsan1/mlx-studio-beta","1d9efb000a2b87a53fad08273f91317fdcc31196","Sources/vMLXLMCommon/Evaluate.swift","vMLXLMCommon","model generation/runtime","keep","Sources/vMLXLMCommon/Evaluate.swift","5-7","MLX runtime","generation and trace parity","never; canonical vMLX model stack"
"hornsan1/mlx-studio-beta","1d9efb000a2b87a53fad08273f91317fdcc31196","Sources/vMLXLMCommon/FlashMoE/ExpertIndex.swift","vMLXLMCommon","expert runtime/trace support","keep","Sources/vMLXLMCommon/FlashMoE/ExpertIndex.swift","5-7","MLX;MLXNN","MoE runtime and trace parity","never until native replacement proves parity"
"hornsan1/mlx-studio-beta","1d9efb000a2b87a53fad08273f91317fdcc31196","Sources/vMLXLMCommon/FlashMoE/ExpertWeightSet.swift","vMLXLMCommon","expert runtime/trace support","keep","Sources/vMLXLMCommon/FlashMoE/ExpertWeightSet.swift","5-7","MLX;MLXNN","MoE runtime and trace parity","never until native replacement proves parity"
"hornsan1/mlx-studio-beta","1d9efb000a2b87a53fad08273f91317fdcc31196","Sources/vMLXLMCommon/FlashMoE/FlashMoEApply.swift","vMLXLMCommon","expert runtime/trace support","keep","Sources/vMLXLMCommon/FlashMoE/FlashMoEApply.swift","5-7","MLX;MLXNN","MoE runtime and trace parity","never until native replacement proves parity"
"hornsan1/mlx-studio-beta","1d9efb000a2b87a53fad08273f91317fdcc31196","Sources/vMLXLMCommon/FlashMoE/FlashMoEApplyExpert.swift","vMLXLMCommon","expert runtime/trace support","keep","Sources/vMLXLMCommon/FlashMoE/FlashMoEApplyExpert.swift","5-7","MLX;MLXNN","MoE runtime and trace parity","never until native replacement proves parity"
"hornsan1/mlx-studio-beta","1d9efb000a2b87a53fad08273f91317fdcc31196","Sources/vMLXLMCommon/FlashMoE/FlashMoEBlock.swift","vMLXLMCommon","expert runtime/trace support","keep","Sources/vMLXLMCommon/FlashMoE/FlashMoEBlock.swift","5-7","MLX;MLXNN","MoE runtime and trace parity","never until native replacement proves parity"
"hornsan1/mlx-studio-beta","1d9efb000a2b87a53fad08273f91317fdcc31196","Sources/vMLXLMCommon/FlashMoE/FlashMoEConfig.swift","vMLXLMCommon","expert runtime/trace support","keep","Sources/vMLXLMCommon/FlashMoE/FlashMoEConfig.swift","5-7","MLX;MLXNN","MoE runtime and trace parity","never until native replacement proves parity"
"hornsan1/mlx-studio-beta","1d9efb000a2b87a53fad08273f91317fdcc31196","Sources/vMLXLMCommon/FlashMoE/FlashMoEExpertLoader.swift","vMLXLMCommon","expert runtime/trace support","keep","Sources/vMLXLMCommon/FlashMoE/FlashMoEExpertLoader.swift","5-7","MLX;MLXNN","MoE runtime and trace parity","never until native replacement proves parity"
"hornsan1/mlx-studio-beta","1d9efb000a2b87a53fad08273f91317fdcc31196","Sources/vMLXLMCommon/FlashMoE/FlashMoESwitchGLUShim.swift","vMLXLMCommon","expert runtime/trace support","keep","Sources/vMLXLMCommon/FlashMoE/FlashMoESwitchGLUShim.swift","5-7","MLX;MLXNN","MoE runtime and trace parity","never until native replacement proves parity"
"hornsan1/mlx-studio-beta","1d9efb000a2b87a53fad08273f91317fdcc31196","Sources/vMLXLMCommon/FlashMoE/SlotBankCache.swift","vMLXLMCommon","expert runtime/trace support","keep","Sources/vMLXLMCommon/FlashMoE/SlotBankCache.swift","5-7","MLX;MLXNN","MoE runtime and trace parity","never until native replacement proves parity"
"hornsan1/mlx-studio-beta","1d9efb000a2b87a53fad08273f91317fdcc31196","Sources/vMLXLMCommon/HardwareInfo.swift","vMLXLMCommon","model generation/runtime","keep","Sources/vMLXLMCommon/HardwareInfo.swift","5-7","MLX runtime","generation and trace parity","never; canonical vMLX model stack"
"hornsan1/mlx-studio-beta","1d9efb000a2b87a53fad08273f91317fdcc31196","Sources/vMLXLMCommon/JANGTQKernels.swift","vMLXLMCommon","JANG/JANGTQ runtime","keep","Sources/vMLXLMCommon/JANGTQKernels.swift","5-7","MLX;MLXNN","JANG artifact real-load parity","never until equivalent vMLX implementation"
"hornsan1/mlx-studio-beta","1d9efb000a2b87a53fad08273f91317fdcc31196","Sources/vMLXLMCommon/JangConfigRepair.swift","vMLXLMCommon","JANG/JANGTQ runtime","keep","Sources/vMLXLMCommon/JangConfigRepair.swift","5-7","MLX;MLXNN","JANG artifact real-load parity","never until equivalent vMLX implementation"
"hornsan1/mlx-studio-beta","1d9efb000a2b87a53fad08273f91317fdcc31196","Sources/vMLXLMCommon/JangLoader.swift","vMLXLMCommon","JANG/JANGTQ runtime","keep","Sources/vMLXLMCommon/JangLoader.swift","5-7","MLX;MLXNN","JANG artifact real-load parity","never until equivalent vMLX implementation"
"hornsan1/mlx-studio-beta","1d9efb000a2b87a53fad08273f91317fdcc31196","Sources/vMLXLMCommon/JangMXTQDequant.swift","vMLXLMCommon","JANG/JANGTQ runtime","keep","Sources/vMLXLMCommon/JangMXTQDequant.swift","5-7","MLX;MLXNN","JANG artifact real-load parity","never until equivalent vMLX implementation"
"hornsan1/mlx-studio-beta","1d9efb000a2b87a53fad08273f91317fdcc31196","Sources/vMLXLMCommon/JangSpecBundleLoader.swift","vMLXLMCommon","JANG/JANGTQ runtime","keep","Sources/vMLXLMCommon/JangSpecBundleLoader.swift","5-7","MLX;MLXNN","JANG artifact real-load parity","never until equivalent vMLX implementation"
"hornsan1/mlx-studio-beta","1d9efb000a2b87a53fad08273f91317fdcc31196","Sources/vMLXLMCommon/Load.swift","vMLXLMCommon","model generation/runtime","keep","Sources/vMLXLMCommon/Load.swift","5-7","MLX runtime","generation and trace parity","never; canonical vMLX model stack"
"hornsan1/mlx-studio-beta","1d9efb000a2b87a53fad08273f91317fdcc31196","Sources/vMLXLMCommon/ModelContainer.swift","vMLXLMCommon","model generation/runtime","keep","Sources/vMLXLMCommon/ModelContainer.swift","5-7","MLX runtime","generation and trace parity","never; canonical vMLX model stack"
"hornsan1/mlx-studio-beta","1d9efb000a2b87a53fad08273f91317fdcc31196","Sources/vMLXLMCommon/ModelFactory.swift","vMLXLMCommon","model generation/runtime","keep","Sources/vMLXLMCommon/ModelFactory.swift","5-7","MLX runtime","generation and trace parity","never; canonical vMLX model stack"
"hornsan1/mlx-studio-beta","1d9efb000a2b87a53fad08273f91317fdcc31196","Sources/vMLXLMCommon/UserInput.swift","vMLXLMCommon","model generation/runtime","keep","Sources/vMLXLMCommon/UserInput.swift","5-7","MLX runtime","generation and trace parity","never; canonical vMLX model stack"
"hornsan1/mlx-studio-beta","1d9efb000a2b87a53fad08273f91317fdcc31196","Sources/vMLXServer/Middleware/CORSAllowlistMiddleware.swift","vMLXServer","serve/API","adapt","Sources/vMLXServer/Middleware/CORSAllowlistMiddleware.swift","4-19","vMLXEngine;Hummingbird","route auth lifecycle installed serve tests","never for canonical Serve; UI duplicates after parity"
"hornsan1/mlx-studio-beta","1d9efb000a2b87a53fad08273f91317fdcc31196","Sources/vMLXServer/Routes/AdapterRoutes.swift","vMLXServer","serve/API","adapt","Sources/vMLXServer/Routes/AdapterRoutes.swift","4-19","vMLXEngine;Hummingbird","route auth lifecycle installed serve tests","never for canonical Serve; UI duplicates after parity"
"hornsan1/mlx-studio-beta","1d9efb000a2b87a53fad08273f91317fdcc31196","Sources/vMLXServer/Routes/AdminRoutes.swift","vMLXServer","serve/API","adapt","Sources/vMLXServer/Routes/AdminRoutes.swift","4-19","vMLXEngine;Hummingbird","route auth lifecycle installed serve tests","never for canonical Serve; UI duplicates after parity"
"hornsan1/mlx-studio-beta","1d9efb000a2b87a53fad08273f91317fdcc31196","Sources/vMLXServer/Routes/AnthropicRoutes.swift","vMLXServer","serve/API","adapt","Sources/vMLXServer/Routes/AnthropicRoutes.swift","4-19","vMLXEngine;Hummingbird","route auth lifecycle installed serve tests","never for canonical Serve; UI duplicates after parity"
"hornsan1/mlx-studio-beta","1d9efb000a2b87a53fad08273f91317fdcc31196","Sources/vMLXServer/Routes/MCPRoutes.swift","vMLXServer","serve/API","adapt","Sources/vMLXServer/Routes/MCPRoutes.swift","4-19","vMLXEngine;Hummingbird","route auth lifecycle installed serve tests","never for canonical Serve; UI duplicates after parity"
"hornsan1/mlx-studio-beta","1d9efb000a2b87a53fad08273f91317fdcc31196","Sources/vMLXServer/Routes/MetricsRoutes.swift","vMLXServer","serve/API","adapt","Sources/vMLXServer/Routes/MetricsRoutes.swift","4-19","vMLXEngine;Hummingbird","route auth lifecycle installed serve tests","never for canonical Serve; UI duplicates after parity"
"hornsan1/mlx-studio-beta","1d9efb000a2b87a53fad08273f91317fdcc31196","Sources/vMLXServer/Routes/OllamaRoutes.swift","vMLXServer","serve/API","adapt","Sources/vMLXServer/Routes/OllamaRoutes.swift","4-19","vMLXEngine;Hummingbird","route auth lifecycle installed serve tests","never for canonical Serve; UI duplicates after parity"
"hornsan1/mlx-studio-beta","1d9efb000a2b87a53fad08273f91317fdcc31196","Sources/vMLXServer/Routes/OpenAIRoutes.swift","vMLXServer","serve/API","adapt","Sources/vMLXServer/Routes/OpenAIRoutes.swift","4-19","vMLXEngine;Hummingbird","route auth lifecycle installed serve tests","never for canonical Serve; UI duplicates after parity"
"hornsan1/mlx-studio-beta","1d9efb000a2b87a53fad08273f91317fdcc31196","Sources/vMLXVLM/VLMModel.swift","vMLXVLM","model generation/runtime","keep","Sources/vMLXVLM/VLMModel.swift","5-7","MLX runtime","generation and trace parity","never; canonical vMLX model stack"
"hornsan1/mlx-studio-beta","1d9efb000a2b87a53fad08273f91317fdcc31196","Sources/vMLXVLM/VLMModelFactory.swift","vMLXVLM","model generation/runtime","keep","Sources/vMLXVLM/VLMModelFactory.swift","5-7","MLX runtime","generation and trace parity","never; canonical vMLX model stack"
"hornsan1/mlx-studio-beta","1d9efb000a2b87a53fad08273f91317fdcc31196","assets/**;Sources/vMLXApp/Resources/**;vMLX/Assets.xcassets/**","assets","inert application assets","keep","same paths","0","app bundle","bundle/resource tests","never unless superseded"
"hornsan1/mlx-studio-beta","1d9efb000a2b87a53fad08273f91317fdcc31196","tests/vMLXAppTests/ChatLaunchIntentTests.swift","test target","chat/evaluation regression","adapt","tests/vMLXAppTests/ChatLaunchIntentTests.swift","2-19","production targets","swift test","retire only with superseding fixture"
"hornsan1/mlx-studio-beta","1d9efb000a2b87a53fad08273f91317fdcc31196","tests/vMLXAppTests/ChatModelEntryResolverTests.swift","test target","chat/evaluation regression","adapt","tests/vMLXAppTests/ChatModelEntryResolverTests.swift","2-19","production targets","swift test","retire only with superseding fixture"
"hornsan1/mlx-studio-beta","1d9efb000a2b87a53fad08273f91317fdcc31196","tests/vMLXAppTests/ImageHistoryRecordStateTests.swift","test target","runtime regression","adapt","tests/vMLXAppTests/ImageHistoryRecordStateTests.swift","2-19","production targets","swift test","retire only with superseding fixture"
"hornsan1/mlx-studio-beta","1d9efb000a2b87a53fad08273f91317fdcc31196","tests/vMLXAppTests/ImageHistoryStoreTests.swift","test target","runtime regression","adapt","tests/vMLXAppTests/ImageHistoryStoreTests.swift","2-19","production targets","swift test","retire only with superseding fixture"
"hornsan1/mlx-studio-beta","1d9efb000a2b87a53fad08273f91317fdcc31196","tests/vMLXAppTests/ImageReuseResolverTests.swift","test target","runtime regression","adapt","tests/vMLXAppTests/ImageReuseResolverTests.swift","2-19","production targets","swift test","retire only with superseding fixture"
"hornsan1/mlx-studio-beta","1d9efb000a2b87a53fad08273f91317fdcc31196","tests/vMLXAppTests/MarkdownDocumentTests.swift","test target","chat/evaluation regression","adapt","tests/vMLXAppTests/MarkdownDocumentTests.swift","2-19","production targets","swift test","retire only with superseding fixture"
"hornsan1/mlx-studio-beta","1d9efb000a2b87a53fad08273f91317fdcc31196","tests/vMLXAppTests/MarkdownLinkPolicyTests.swift","test target","chat/evaluation regression","adapt","tests/vMLXAppTests/MarkdownLinkPolicyTests.swift","2-19","production targets","swift test","retire only with superseding fixture"
"hornsan1/mlx-studio-beta","1d9efb000a2b87a53fad08273f91317fdcc31196","tests/vMLXAppTests/MarkdownPerformanceTests.swift","test target","chat/evaluation regression","adapt","tests/vMLXAppTests/MarkdownPerformanceTests.swift","2-19","production targets","swift test","retire only with superseding fixture"
"hornsan1/mlx-studio-beta","1d9efb000a2b87a53fad08273f91317fdcc31196","tests/vMLXAppTests/MarkdownPlainTextTests.swift","test target","chat/evaluation regression","adapt","tests/vMLXAppTests/MarkdownPlainTextTests.swift","2-19","production targets","swift test","retire only with superseding fixture"
"hornsan1/mlx-studio-beta","1d9efb000a2b87a53fad08273f91317fdcc31196","tests/vMLXAppTests/MarkdownRenderModelTests.swift","test target","chat/evaluation regression","adapt","tests/vMLXAppTests/MarkdownRenderModelTests.swift","2-19","production targets","swift test","retire only with superseding fixture"
"hornsan1/mlx-studio-beta","1d9efb000a2b87a53fad08273f91317fdcc31196","tests/vMLXAppTests/MarkdownStreamingTests.swift","test target","chat/evaluation regression","adapt","tests/vMLXAppTests/MarkdownStreamingTests.swift","2-19","production targets","swift test","retire only with superseding fixture"
"hornsan1/mlx-studio-beta","1d9efb000a2b87a53fad08273f91317fdcc31196","tests/vMLXAppTests/MarkdownViewTests.swift","test target","chat/evaluation regression","adapt","tests/vMLXAppTests/MarkdownViewTests.swift","2-19","production targets","swift test","retire only with superseding fixture"
"hornsan1/mlx-studio-beta","1d9efb000a2b87a53fad08273f91317fdcc31196","tests/vMLXAppTests/OnboardingGoalRouteTests.swift","test target","serve regression","adapt","tests/vMLXAppTests/OnboardingGoalRouteTests.swift","2-19","production targets","swift test","retire only with superseding fixture"
"hornsan1/mlx-studio-beta","1d9efb000a2b87a53fad08273f91317fdcc31196","tests/vMLXAppTests/StudioAdvancedModelServiceTests.swift","test target","runtime regression","adapt","tests/vMLXAppTests/StudioAdvancedModelServiceTests.swift","2-19","production targets","swift test","retire only with superseding fixture"
"hornsan1/mlx-studio-beta","1d9efb000a2b87a53fad08273f91317fdcc31196","tests/vMLXAppTests/StudioChatHistoryStoreTests.swift","test target","chat/evaluation regression","adapt","tests/vMLXAppTests/StudioChatHistoryStoreTests.swift","2-19","production targets","swift test","retire only with superseding fixture"
"hornsan1/mlx-studio-beta","1d9efb000a2b87a53fad08273f91317fdcc31196","tests/vMLXAppTests/StudioChatModelSelectionTests.swift","test target","chat/evaluation regression","adapt","tests/vMLXAppTests/StudioChatModelSelectionTests.swift","2-19","production targets","swift test","retire only with superseding fixture"
"hornsan1/mlx-studio-beta","1d9efb000a2b87a53fad08273f91317fdcc31196","tests/vMLXAppTests/StudioChatRecoveryTests.swift","test target","chat/evaluation regression","adapt","tests/vMLXAppTests/StudioChatRecoveryTests.swift","2-19","production targets","swift test","retire only with superseding fixture"
"hornsan1/mlx-studio-beta","1d9efb000a2b87a53fad08273f91317fdcc31196","tests/vMLXAppTests/StudioChatSessionExporterTests.swift","test target","chat/evaluation regression","adapt","tests/vMLXAppTests/StudioChatSessionExporterTests.swift","2-19","production targets","swift test","retire only with superseding fixture"
"hornsan1/mlx-studio-beta","1d9efb000a2b87a53fad08273f91317fdcc31196","tests/vMLXAppTests/StudioChatSessionStatusTests.swift","test target","chat/evaluation regression","adapt","tests/vMLXAppTests/StudioChatSessionStatusTests.swift","2-19","production targets","swift test","retire only with superseding fixture"
"hornsan1/mlx-studio-beta","1d9efb000a2b87a53fad08273f91317fdcc31196","tests/vMLXAppTests/StudioDiagnosticRedactorTests.swift","test target","runtime regression","adapt","tests/vMLXAppTests/StudioDiagnosticRedactorTests.swift","2-19","production targets","swift test","retire only with superseding fixture"
"hornsan1/mlx-studio-beta","1d9efb000a2b87a53fad08273f91317fdcc31196","tests/vMLXAppTests/StudioHuggingFaceGateStatusTests.swift","test target","runtime regression","adapt","tests/vMLXAppTests/StudioHuggingFaceGateStatusTests.swift","2-19","production targets","swift test","retire only with superseding fixture"
"hornsan1/mlx-studio-beta","1d9efb000a2b87a53fad08273f91317fdcc31196","tests/vMLXAppTests/StudioImageRecordStatusTests.swift","test target","runtime regression","adapt","tests/vMLXAppTests/StudioImageRecordStatusTests.swift","2-19","production targets","swift test","retire only with superseding fixture"
"hornsan1/mlx-studio-beta","1d9efb000a2b87a53fad08273f91317fdcc31196","tests/vMLXAppTests/StudioJobServiceTests.swift","test target","runtime regression","adapt","tests/vMLXAppTests/StudioJobServiceTests.swift","2-19","production targets","swift test","retire only with superseding fixture"
"hornsan1/mlx-studio-beta","1d9efb000a2b87a53fad08273f91317fdcc31196","tests/vMLXAppTests/StudioLibraryModelSearchTests.swift","test target","runtime regression","adapt","tests/vMLXAppTests/StudioLibraryModelSearchTests.swift","2-19","production targets","swift test","retire only with superseding fixture"
"hornsan1/mlx-studio-beta","1d9efb000a2b87a53fad08273f91317fdcc31196","tests/vMLXAppTests/StudioModelActionCopyTests.swift","test target","runtime regression","adapt","tests/vMLXAppTests/StudioModelActionCopyTests.swift","2-19","production targets","swift test","retire only with superseding fixture"
"hornsan1/mlx-studio-beta","1d9efb000a2b87a53fad08273f91317fdcc31196","tests/vMLXAppTests/StudioModelDeleteCopyTests.swift","test target","runtime regression","adapt","tests/vMLXAppTests/StudioModelDeleteCopyTests.swift","2-19","production targets","swift test","retire only with superseding fixture"
"hornsan1/mlx-studio-beta","1d9efb000a2b87a53fad08273f91317fdcc31196","tests/vMLXAppTests/StudioModelInstallCoordinatorTests.swift","test target","artifact repository regression","adapt","tests/vMLXAppTests/StudioModelInstallCoordinatorTests.swift","2-19","production targets","swift test","retire only with superseding fixture"
"hornsan1/mlx-studio-beta","1d9efb000a2b87a53fad08273f91317fdcc31196","tests/vMLXAppTests/StudioModelMemoryFitTests.swift","test target","runtime regression","adapt","tests/vMLXAppTests/StudioModelMemoryFitTests.swift","2-19","production targets","swift test","retire only with superseding fixture"
"hornsan1/mlx-studio-beta","1d9efb000a2b87a53fad08273f91317fdcc31196","tests/vMLXAppTests/StudioModelRouteReadinessTests.swift","test target","serve regression","adapt","tests/vMLXAppTests/StudioModelRouteReadinessTests.swift","2-19","production targets","swift test","retire only with superseding fixture"
"hornsan1/mlx-studio-beta","1d9efb000a2b87a53fad08273f91317fdcc31196","tests/vMLXAppTests/StudioModelServiceRecommendedTests.swift","test target","runtime regression","adapt","tests/vMLXAppTests/StudioModelServiceRecommendedTests.swift","2-19","production targets","swift test","retire only with superseding fixture"
"hornsan1/mlx-studio-beta","1d9efb000a2b87a53fad08273f91317fdcc31196","tests/vMLXAppTests/StudioServerCommandFormatterTests.swift","test target","serve regression","adapt","tests/vMLXAppTests/StudioServerCommandFormatterTests.swift","2-19","production targets","swift test","retire only with superseding fixture"
"hornsan1/mlx-studio-beta","1d9efb000a2b87a53fad08273f91317fdcc31196","tests/vMLXAppTests/StudioServerLifecycleGuardTests.swift","test target","serve regression","adapt","tests/vMLXAppTests/StudioServerLifecycleGuardTests.swift","2-19","production targets","swift test","retire only with superseding fixture"
"hornsan1/mlx-studio-beta","1d9efb000a2b87a53fad08273f91317fdcc31196","tests/vMLXAppTests/UnifiedChatMigrationTests.swift","test target","chat/evaluation regression","adapt","tests/vMLXAppTests/UnifiedChatMigrationTests.swift","2-19","production targets","swift test","retire only with superseding fixture"
"hornsan1/mlx-studio-beta","1d9efb000a2b87a53fad08273f91317fdcc31196","tests/vMLXTests/DSMLToolCallParserTests.swift","test target","runtime regression","adapt","tests/vMLXTests/DSMLToolCallParserTests.swift","2-19","production targets","swift test","retire only with superseding fixture"
"hornsan1/mlx-studio-beta","1d9efb000a2b87a53fad08273f91317fdcc31196","tests/vMLXTests/DeepseekV4CapabilityTests.swift","test target","artifact repository regression","adapt","tests/vMLXTests/DeepseekV4CapabilityTests.swift","2-19","production targets","swift test","retire only with superseding fixture"
"hornsan1/mlx-studio-beta","1d9efb000a2b87a53fad08273f91317fdcc31196","tests/vMLXTests/DeepseekV4MultiTurnTests.swift","test target","runtime regression","adapt","tests/vMLXTests/DeepseekV4MultiTurnTests.swift","2-19","production targets","swift test","retire only with superseding fixture"
"hornsan1/mlx-studio-beta","1d9efb000a2b87a53fad08273f91317fdcc31196","tests/vMLXTests/DownloadManagerJobCodableTests.swift","test target","download/job regression","adapt","tests/vMLXTests/DownloadManagerJobCodableTests.swift","2-19","production targets","swift test","retire only with superseding fixture"
"hornsan1/mlx-studio-beta","1d9efb000a2b87a53fad08273f91317fdcc31196","tests/vMLXTests/DownloadManagerResumeTests.swift","test target","download/job regression","adapt","tests/vMLXTests/DownloadManagerResumeTests.swift","2-19","production targets","swift test","retire only with superseding fixture"
"hornsan1/mlx-studio-beta","1d9efb000a2b87a53fad08273f91317fdcc31196","tests/vMLXTests/Flux1WeightApplicationTests.swift","test target","runtime regression","adapt","tests/vMLXTests/Flux1WeightApplicationTests.swift","2-19","production targets","swift test","retire only with superseding fixture"
"hornsan1/mlx-studio-beta","1d9efb000a2b87a53fad08273f91317fdcc31196","tests/vMLXTests/FluxEngineCancellationTests.swift","test target","runtime regression","adapt","tests/vMLXTests/FluxEngineCancellationTests.swift","2-19","production targets","swift test","retire only with superseding fixture"
"hornsan1/mlx-studio-beta","1d9efb000a2b87a53fad08273f91317fdcc31196","tests/vMLXTests/GenerationConfigDefaultsTests.swift","test target","runtime regression","adapt","tests/vMLXTests/GenerationConfigDefaultsTests.swift","2-19","production targets","swift test","retire only with superseding fixture"
"hornsan1/mlx-studio-beta","1d9efb000a2b87a53fad08273f91317fdcc31196","tests/vMLXTests/HuggingFaceDownloadSafetyTests.swift","test target","download/job regression","adapt","tests/vMLXTests/HuggingFaceDownloadSafetyTests.swift","2-19","production targets","swift test","retire only with superseding fixture"
"hornsan1/mlx-studio-beta","1d9efb000a2b87a53fad08273f91317fdcc31196","tests/vMLXTests/HuggingFaceRuntimeCompatibilityTests.swift","test target","runtime regression","adapt","tests/vMLXTests/HuggingFaceRuntimeCompatibilityTests.swift","2-19","production targets","swift test","retire only with superseding fixture"
"hornsan1/mlx-studio-beta","1d9efb000a2b87a53fad08273f91317fdcc31196","tests/vMLXTests/HuggingFaceSearchHydrationTests.swift","test target","runtime regression","adapt","tests/vMLXTests/HuggingFaceSearchHydrationTests.swift","2-19","production targets","swift test","retire only with superseding fixture"
"hornsan1/mlx-studio-beta","1d9efb000a2b87a53fad08273f91317fdcc31196","tests/vMLXTests/ImageGenerationSafetyTests.swift","test target","runtime regression","adapt","tests/vMLXTests/ImageGenerationSafetyTests.swift","2-19","production targets","swift test","retire only with superseding fixture"
"hornsan1/mlx-studio-beta","1d9efb000a2b87a53fad08273f91317fdcc31196","tests/vMLXTests/ImageModelInstallVerifierTests.swift","test target","artifact repository regression","adapt","tests/vMLXTests/ImageModelInstallVerifierTests.swift","2-19","production targets","swift test","retire only with superseding fixture"
"hornsan1/mlx-studio-beta","1d9efb000a2b87a53fad08273f91317fdcc31196","tests/vMLXTests/ImageRuntimeProofStoreTests.swift","test target","runtime regression","adapt","tests/vMLXTests/ImageRuntimeProofStoreTests.swift","2-19","production targets","swift test","retire only with superseding fixture"
"hornsan1/mlx-studio-beta","1d9efb000a2b87a53fad08273f91317fdcc31196","tests/vMLXTests/LatentSpaceSmokeTests.swift","test target","runtime regression","adapt","tests/vMLXTests/LatentSpaceSmokeTests.swift","2-19","production targets","swift test","retire only with superseding fixture"
"hornsan1/mlx-studio-beta","1d9efb000a2b87a53fad08273f91317fdcc31196","tests/vMLXTests/LoadOptionsCacheResolutionTests.swift","test target","runtime regression","adapt","tests/vMLXTests/LoadOptionsCacheResolutionTests.swift","2-19","production targets","swift test","retire only with superseding fixture"
"hornsan1/mlx-studio-beta","1d9efb000a2b87a53fad08273f91317fdcc31196","tests/vMLXTests/MFluxImageBackendTests.swift","test target","runtime regression","adapt","tests/vMLXTests/MFluxImageBackendTests.swift","2-19","production targets","swift test","retire only with superseding fixture"
"hornsan1/mlx-studio-beta","1d9efb000a2b87a53fad08273f91317fdcc31196","tests/vMLXTests/ModelInstallReadinessVerifierTests.swift","test target","artifact repository regression","adapt","tests/vMLXTests/ModelInstallReadinessVerifierTests.swift","2-19","production targets","swift test","retire only with superseding fixture"
"hornsan1/mlx-studio-beta","1d9efb000a2b87a53fad08273f91317fdcc31196","tests/vMLXTests/ModelLibraryImageLayoutTests.swift","test target","artifact repository regression","adapt","tests/vMLXTests/ModelLibraryImageLayoutTests.swift","2-19","production targets","swift test","retire only with superseding fixture"
"hornsan1/mlx-studio-beta","1d9efb000a2b87a53fad08273f91317fdcc31196","tests/vMLXTests/SamplingFallbackPriorityTests.swift","test target","runtime regression","adapt","tests/vMLXTests/SamplingFallbackPriorityTests.swift","2-19","production targets","swift test","retire only with superseding fixture"
"hornsan1/mlx-studio-beta","1d9efb000a2b87a53fad08273f91317fdcc31196","tests/vMLXTests/WeightLoaderComponentLayoutTests.swift","test target","runtime regression","adapt","tests/vMLXTests/WeightLoaderComponentLayoutTests.swift","2-19","production targets","swift test","retire only with superseding fixture"
